"id","Label","2-3-Dihydroxybenzoic-acid","2-Aminooctanoic-acid","2-Isopropylmalic-acid","2-Keto-D-gluconate","2-Keto-isovalerate","2-Oxo-4-methylthiobutanoate","2-Oxobutanoate","3-Hydroxybutyric-acid","3-Methylphenylacetic-acid","3-Phospho-serine","3-Phosphoglycerate","4-Phosphopantothenate","4-Pyridoxic-acid","5-Methyl-THF","6-Phospho-D-gluconate","Acetoacetate","Acetyl-aspartate","Acetyl-glycine","Acetyllysine","Acetylphosphate","Aconitate","ADP","ADP-D-glucose","Alanine-Sacrosine","Allantoate","Alpha-ketoglutarate","AMP","anthine","anthosine","anthosine-5-phosphate","Anthranilate","anthurenic-acid","Arginine","Ascorbic-acid","Asparagine","CDP","CDP-choline","CDP-ethanolamine","Chlorpropamide","Citraconic-acid","Citrate-isocitrate","Citrulline","CMP","Cyclic-AMP","Cystathionine","Cysteine","D-Sedoheptulose-1-7-phosphate","dAMP","dCMP","Deoxyribose-phosphate","Deoxyuridine","Dihydroxy-acetone-phosphate","dTMP","Erythrose-4-phosphate","FAD","FMN","Fructose-1-6-bisphosphate","Fructose-6-phosphate","Fumarate","GDP","Glucarate","Glucono-_-lactone","Glucosamine-1-6-phosphate","Glucose","Glucose-1-6-phosphate","Glutamine","Glutathione","Glutathione-disulfide","Glyceraldehdye-3-phosphate","Glycerate","GMP","Histidine","Homocysteine-Methylcysteine","Hydroxyisocaproic-acid","Hydroxyphenylacetic-acid","Hydroxyphenylpyruvate","Hydroxyproline-Aminolevulinate","IMP","Indole-3-carboxylic-acid","Inosine","Ketoleucine","Kynurenic-acid","Lactate","Leu-Asp--LD-","Leucine-Isoleucine","Lysine","Malate","Maleic-acid","Methionine","N-Acetyl-glucosamine-1-6-phosphate","N-Acetyl-glutamate","N-Acetyl-glutamine","N-Acetyl-L-alanine","N-Acetyl-L-ornithine","N-Carbamoyl-L-aspartate","Nicotinate","Octoluse-bisphosphate","Ornithine","Pantetheine","Pantothenate","Phenylalanine","Phenyllactic-acid","Phenylpyruvate","Phosphoenolpyruvate","Pipecolic-Acid","Pro-Asp--PD-","Proline","Pyroglutamic-acid","Pyruvate","Quinolinate","Riboflavin","Ribose","Ribose-5-phosphate","Ribulose-5-phosphate","S-Adenosyl-L-homocysteine","S-Methyl-5--thioadenosine","Sedoheptoluse-bisphosphate","Serine","sn-Glycerol-3-phosphate","Succinate-Methylmalonic-acid","Taurine","Threonine-Homoserine","Trehalose-6-Phosphate","Trehalose-Sucrose","Tryptophan","UDP","UDP-D-glucose","UDP-D-glucuronate","UDP-N-acetyl-glucosamine","UMP","Uracil","Uric-acid","Uridine","UTP","Val-Asp--VD-","Valine-5-Aminopentanoic-acid"
"160711-10","plasma",3846273,12513726,6930234,12136778,68546296,309174,10646081,7536350,1374511,4172,358.5,358.5,18407202,358.5,6256,16739998,48096840,43599324,814085,11487,290216320,358.5,358.5,44723732,1137891,1314026880,5487,7081122,1130736,358.5,3283778,741741,4575370,133146,18020530,358.5,358.5,7415,439773952,17386034,9802930,72866832,4190,80844,65455,14437,145187,358.5,3140,110847,2070524,57112,5046,13727,358.5,5608,358.5,215636,86813680,358.5,6388,372286,358.5,1221374080,2082273,1198215808,301944,358.5,19571,42946288,358.5,8118330,283141,46394588,1469518,14401286,1856574,358.5,1010371,18333,32820720,4490245,12073554944,12087,67095456,7608862,421958112,3183850,61628532,1907182,25872206,3708,16099454,747093,12811,18497304,358.5,396064,358.5,212884384,160795120,9041785,17784882,77895,1377621,8518,44374428,351836480,14810392,95296,14702,26836648,53946,7956927,358.5,358.5,358.5,69705168,73558344,2270354176,1656165248,213077136,358.5,2140351,240084784,358.5,13901,358.5,24512,173271,2803,643362688,29668602,358.5,3130,145046064
"160711-101","tumor",572682,16273515,3711101,3476448,79443744,370354,5753875,5738488,1726565,281451,2609617,250106,3004426,358.5,449908,6434970,23798022,9442140,410909,118863,48682112,7881,52403,16129055,83395,31046152,49889,600645248,3993071,358.5,3213060,16546,2208472,108356,15054210,9337,22071,1641460,116284552,106125232,278876576,2553324,280286,142521,199738,28224,18812502,82015,917826,3035180,1684520,259027872,21746,395555,23432,27839,27899340,29830348,127917640,358.5,51695,270327,628490,9525784,94924472,28132272,65253820,7090399,902027,13006287,213482,10868031,131252,8515659,2231843,351933,2688718,358.5,103663,7004,31179270,164000,5184356864,161275,94822200,7880326,698014272,172616080,112187176,49158212,9233566,3441,70098032,105092,1719708,169605312,156208,3790974,366455,107380304,255000720,3762111,1033370,499679,819560,580608,62044924,3036091,25097476,1001703,24458,582500,1594990,83995304,105311,358.5,4314128,28879248,148599408,425158560,906847872,41055768,358.5,128476,79488408,358.5,3799068,1322617,1311991,3887,6466,1110640,6118861,358.5,353341,130345408
"160711-102","plasma",114044,11104694,4110049,3053420,33592364,155786,2993062,5838394,718825,8564,287046,358.5,4453421,358.5,6176,18423792,7675535,26945136,198074,4162,40280808,358.5,358.5,7892588,323085,188919008,1296302,86025064,3205944,358.5,2876830,51351,987396,13770,4790048,358.5,358.5,4094,91677728,105459392,283619296,25750860,7594,132746,221671,37228,404385,358.5,358.5,480084,219340,7103938,358.5,19093,358.5,358.5,248226,1125256,9842920,358.5,51913,125807,358.5,281010880,1334523,324708960,95408,30279,108522,12261100,11632,1520608,81898,11412489,1242231,1018326,834855,358.5,257099,4148,29619448,586226,4327316480,8591,27390004,2385217,63124820,22067146,23030630,234766,6178644,8435,3606063,140598,148466,18204830,358.5,328403,2955,20024016,32796022,2269216,1523817,455943,1440346,358.5,12847404,1350920,9876391,549658,4455,7608502,4700,7625463,3727,8013,358.5,14933683,77877560,478007936,393369856,43383572,358.5,611421,106812328,358.5,358.5,358.5,11224,53618,14034,146755,6129164,358.5,2712,45377624
"160711-11","plasma",3349092,17180788,5924546,9805371,41267580,686412,5618612,8198486,1205541,3531,4329,358.5,13863668,358.5,4660,18420442,21226100,48924496,939948,4767,87978376,358.5,358.5,30816538,482103,596566080,5322,211256016,3121794,358.5,3046931,950368,2105774,132851,14900359,358.5,358.5,358.5,457321024,113549448,5153902,72164128,358.5,60796,671571,358.5,358.5,358.5,358.5,20314,2620750,174392,358.5,6216,358.5,358.5,358.5,39980,1812449,358.5,5543,869822,358.5,1024015936,168613,868289664,475085,358.5,6646,39572340,358.5,8069656,320096,42739436,1694410,9940805,4406814,358.5,1103409,8339,33365190,3195064,6578067968,20780,73822360,8643399,874581,1601817,78400112,414519,14127717,8327,15234693,327779,5631,20899260,358.5,630840,358.5,76011696,173497408,311936,9945702,13270,2763235,3930,35308292,1407072,8691014,734772,358.5,23339934,178408,464919,2261,358.5,358.5,54817068,49301292,974636864,1177293056,196206480,358.5,1705187,222360048,358.5,358.5,358.5,358.5,7425,3229,343968864,31176438,358.5,6598,143302656
"160711-12","plasma",3023144,9650731,7454927,13391322,27823140,259516,15683455,1358615,1219882,8060,358.5,358.5,12729037,358.5,196389,9523470,33284620,46864148,879101,3861,205228576,358.5,358.5,35046832,775008,798257792,358.5,51526236,3613655,358.5,2752022,725826,5812274,79760,16421506,358.5,358.5,358.5,446199104,9924739,7706162,71449888,6776,57243,299776,7493,152828,358.5,3528,34614,2232012,242719,5568,22226,358.5,358.5,358.5,194395,44231844,358.5,3840,1460075,2564,1093172736,2181026,870298752,351593,358.5,10412,39889696,358.5,8061270,351583,44918936,2486048,6790816,2340851,358.5,1290228,15464,34787612,3673235,8593088512,7985,81277408,9954965,337299,868653,88987600,2302540,15936548,2768,13702969,633341,13074,21969670,358.5,280588,358.5,119626320,164342992,8161370,8768898,76077,2591274,3290,44331516,464871616,12747907,145250,358.5,23422376,142321,3441764,3356,358.5,358.5,59991468,164503664,1328039040,1412256896,221380208,358.5,6388730,242786048,358.5,358.5,358.5,358.5,28301,2569,413207072,31905904,4096,8722,134840592
"160711-13","plasma",3508148,14180294,6312084,7221597,30228130,2542258,10057061,7073414,615104,5604,358.5,358.5,15143349,358.5,6930,10144942,27925478,38403040,801666,5978,113523616,358.5,358.5,38036180,712106,637308736,5196,2792936,990552,358.5,3091628,499758,4449775,179986,14687002,358.5,358.5,3295,447784320,113521800,9124919,48792692,16393,88672,56118,24388,180219,358.5,2966,330578,1170981,147227,358.5,6331,358.5,358.5,358.5,259095,2746783,358.5,4636,876852,358.5,849088640,1704231,816618432,632519,358.5,5758,33207682,358.5,5270970,161836,28901116,2959011,12045674,1268781,358.5,696067,33849,33980588,3203698,10011902976,4282,64432484,7817500,417703,2578449,79904248,1984398,17296358,5850,13869261,527219,5896,32958144,358.5,216543,2913,90937136,135146864,7120064,13441215,33373,1755858,8133,35176800,5719646,65063408,667259,358.5,18141950,44786,10477934,84302,4433,358.5,45277068,99451936,2275722240,1816129408,179012592,358.5,3766204,210300880,358.5,6119,358.5,9252,32626,2805,2845945,19281048,358.5,4986,129539472
"160711-14","plasma",2653434,27038160,6046352,9243288,32333654,929123,5690186,6096658,2057559,4053,358.5,358.5,11844872,358.5,5474,16944728,25458742,42113468,1003779,3450,109689976,358.5,358.5,31965862,1766707,564406272,4667,2086484,686468,358.5,3051005,299479,3814574,216720,15517961,358.5,358.5,358.5,437590176,110650840,8500712,70320160,3018,111347,350557,16708,358.5,358.5,358.5,8170,1835444,468872,358.5,20397,358.5,358.5,358.5,73713,36195092,358.5,4411,1159596,358.5,976553600,381158,784807296,826410,358.5,9769,38645304,358.5,6276835,306458,26531068,1660647,18892358,2674860,358.5,594335,17869,33085082,1841381,6372692480,9605,66489988,8708209,463668,6914617,72749296,1435747,18711868,14741,15593307,445305,4389,33997832,358.5,343997,2787,85428992,141304544,6076494,11596159,31069,2493228,9278,31101368,1520094,23373694,260713,358.5,20318348,126840,1616832,41690,4875,358.5,41869280,64078996,1074180864,1530414464,174189776,358.5,1331671,237271616,358.5,358.5,358.5,358.5,4154,7885,116923456,21948834,358.5,8836,132242824
"160711-15","plasma",2364169,21486594,4162036,5609526,56999032,109571,7247861,6501200,1275176,4561,9259,358.5,8563434,358.5,4789,19319438,14763221,38134072,390446,17084,78180864,358.5,358.5,12057917,139661,248191632,358.5,109206400,4388881,358.5,3263392,31501,2640989,218578,5721032,358.5,358.5,358.5,446703392,112650736,5220790,35188652,358.5,52607,233969,17525,18361,358.5,358.5,464935,312564,205219,4771,31822,358.5,358.5,358.5,163552,18484362,358.5,4878,973731,1911,371942432,364167,468021568,456430,358.5,4050,17739996,358.5,5088116,98336,15894562,2929048,1939085,1574613,358.5,421811,5649,32942584,664513,5678807040,16637,59000596,6829547,216305,1677389,40167080,974196,8343288,6582,5584166,284142,9567,47475460,358.5,265680,358.5,33714992,81997608,3491924,2324418,28457,1901124,2867,16416862,2313883,4994201,139162,358.5,9554783,94471,4356177,3191,358.5,358.5,20033094,143530672,724056192,486325056,68609144,358.5,417133,162890000,358.5,4665,358.5,358.5,3532,4780,98149,11075063,358.5,3648,97725720
"160711-16","plasma",2845790,15396453,3080702,11644530,47511792,231229,16039393,8659664,1232054,9013,10327,358.5,14814504,358.5,5379,7193706,34614000,43096280,687480,3561,249109808,358.5,358.5,24899938,1108515,1037853248,358.5,9541969,1514184,358.5,2485526,473661,3224150,164349,9863309,358.5,358.5,18686,434429632,114766016,9460363,43771724,117318,167993,67353,4895,454800,358.5,2958,39260,1177065,1143036,358.5,7289,358.5,358.5,358.5,202078,87472240,358.5,5458,721113,358.5,939552704,3612460,788641344,741222,358.5,26838,39540644,358.5,5515465,205956,31856842,2568381,9663373,1406775,358.5,512525,12629,32173776,2670526,9176437760,6780,46974952,5640838,268026144,71257568,37978192,2280642,18205384,4035,12655784,1137122,12427,34547800,358.5,77849,358.5,112983920,113830512,7329612,11517162,68032,1349142,5073,24432512,1966032,75737760,85041,358.5,20125036,206459,14798302,30323,5428,358.5,32643666,117258680,1896160512,1639342336,113557096,358.5,2897014,184450784,358.5,33489,358.5,88220,38656,2271,342417920,24717528,358.5,3366,90020472
"160711-17","tumor",1879446,18100202,3324677,12170502,12145945,357182,2497023,10590094,628985,100991,18932460,888035,5043850,6102,928558,8516978,189440272,36425508,2340300,1941311,235812528,893185,2184676,86223344,945917,72217672,629198,1993867648,6622883,224079,1665561,401013,7709721,800128128,39321696,10382,611324,6955175,386660672,102414856,785586880,16697208,1433306,639766,495971,2339630,143075376,4627289,18820490,10512756,2249394,64322924,3167424,811415,148615,2025516,90488272,42353000,498001536,358.5,131393,2714753,305861,35234864,255472208,168291440,298715392,26958642,270746,30856142,6224,52929896,840953,24746464,4534588,677078,11214701,5170,370955,6062,29662602,666669,11210315776,1328119,413699680,32398844,5057231360,1222602880,287468000,257035328,48119984,358.5,349427648,301447,48610616,155315840,240575,6691205,3668941,593552576,903900736,7453286,2333764,3765771,4819142,2472890,142696992,14702680,13054821,1031633,583984,1540205,4280334,43431704,616345,482526,7786812,64011156,818674816,855910400,6217357312,188314864,5887,153595,117604656,534729,57393188,15480164,22993518,296383,56365,938216,19205630,358.5,1972751,364178720
"160711-18","plasma",2692561,29136108,7285074,10280998,33036136,498070,17769988,8072697,1599745,4423,5857,358.5,21406442,358.5,370867,8831450,41704992,44533708,712667,188976,118950632,358.5,358.5,41171168,515069,1818179072,50108,30278760,1828908,358.5,3776616,1476029,3197228,46983,17527374,358.5,2877,358.5,437768640,109224776,22458248,93039992,94631,153439,190610,16455,81509,358.5,6199,4913,1095608,5028338,5253,31656,358.5,358.5,358.5,46003,116419784,358.5,6185,1007112,2550,1079847936,1232372,905004544,613420,358.5,103650,43512972,358.5,6429870,257256,41388500,2418591,23120762,1423877,358.5,797726,13187,33855196,7740950,9000743936,27352,115385040,7092354,671666880,168181472,79075848,682359,22542148,3118,12134815,338684,643054,32324246,358.5,251400,358.5,116573168,190407984,8230600,23345692,136008,805080,8548,49462708,4485431,83478968,553142,358.5,23949324,85508,4661939,30694,358.5,358.5,64434548,57663124,1814905088,1731803648,267723792,358.5,1692686,258085376,358.5,358.5,358.5,358.5,10258,17350,398893376,15574607,358.5,9981,247853456
"160711-19","plasma",3790096,12248840,7543356,12879131,25650326,9941,5437295,5895640,2210750,4953,358.5,358.5,16381430,358.5,355461,10659401,44603640,24579154,726048,302184,149525936,358.5,358.5,46745984,530364,1922518784,4424,1159050,1209799,358.5,3636616,1136516,4836086,44636,17227468,358.5,358.5,358.5,432975360,110330448,20066674,100103888,15863,137885,515009,358.5,133868,358.5,3144,11996,1585962,3765900,4933,3934,358.5,358.5,358.5,405522,98215104,358.5,519895,303782,358.5,1255356800,1454198,951928576,1010215,4498,40539,48858116,358.5,7376848,203251,35180004,5482963,30593830,3039500,358.5,1159310,13921,31822990,4667830,8542025216,1127492,61221020,9075857,539413120,135571904,82845240,1545822,26990262,3346,14827589,662435,747611,33922836,358.5,622490,358.5,119698856,205459824,8531026,26353008,26739,3065882,28323,58486876,999423,84513024,164322,358.5,27560196,21888,8886264,1807,358.5,358.5,79253168,92333320,2106973952,1658517504,253951888,358.5,13675754,253839776,358.5,358.5,358.5,358.5,9064,6778,388129792,26599544,358.5,2913,167572112
"160711-20","tumor",1904127,23601640,5609495,9237755,16361509,2255317,7317731,7067304,647817,10839,1791014,2534447,12914812,11379,5702,9172046,295225120,11969254,2844698,256807,194901728,740353,638200,62715984,285850,164629584,371479,1631981824,20815796,358.5,2517173,94163,6027239,187537,36268976,9913,296045,8052922,396525280,98347824,465373952,13172447,633817,511707,99731,401495,32931432,2415139,8103849,4493144,2594426,66119180,2742766,567192,500590,628439,13957962,49345544,326455872,358.5,52167,2043152,468122,11727414,114013960,197187136,261661824,22385004,1007614,40894108,10065,39087192,234785,14615978,2945374,5937868,3339530,358.5,245131,2639,31000974,684518,10479264768,1339576,351703744,34475272,1889098112,492208160,258201424,39648268,97935712,4216,240305008,832604,11296877,130998152,6976,8753232,7794550,1041585600,959949184,8809531,9542391,2272164,1193568,1955999,153547920,1174322944,17221170,254908,340248,971773,7616129,49572056,405084,166999,865840,65270288,223361280,536773952,4083628288,162871936,4106,606224,111810432,40659,21714028,3783733,13522910,102888,13698,1506180,6077011,358.5,721455,418376928
"160711-21","plasma",848270,30322654,7591868,8024362,34984748,545185,4146718,4548440,1764275,4487,8339,358.5,13362695,358.5,11030,17649324,19398506,10609057,758304,53097,195900048,358.5,358.5,39723280,662244,492701248,3932,1954189,3069101,358.5,3395118,253482,3500918,39191,11388657,358.5,358.5,358.5,432520704,109520544,80393768,81738016,31062,190733,381433,358.5,6674,358.5,3077,158957,2169806,2417458,4295,16517,358.5,358.5,358.5,281265,37971904,358.5,49150,364088,358.5,747348224,1049562,744395904,925269,358.5,47140,25098952,358.5,8133570,187867,31188910,1618754,8304280,1734360,3943,645689,4856,31503072,1989517,9429581824,50077,82507544,8699360,147150144,45439192,85252264,1036412,14706968,3410,13766218,870178,814088,41220044,358.5,430047,358.5,80973112,168742128,8470568,7317606,58752,1744120,5551,54302532,947738,13696213,412986,358.5,16705237,7302,2979140,14384,6528,358.5,46071308,124478320,1325848192,935711680,210259584,358.5,1393723,181821408,358.5,358.5,358.5,358.5,9859,9076,227421488,23971756,358.5,2784,197805024
"160711-22","plasma",831997,9969508,6150856,13435826,66658404,11939,4846658,7233804,580174,4306,8741,358.5,19450972,358.5,6079,15858977,39292176,34386320,741514,32855,186943648,358.5,358.5,30548542,360856,1302087296,138419,2598368,3431318,358.5,3661028,719275,3961833,13642,12608682,358.5,358.5,358.5,429036992,112549056,51640144,63319068,42532,93317,65110,3920,180975,358.5,358.5,20044,985273,6553999,5278,8725,358.5,7513,358.5,306344,108112184,358.5,11393,322916,358.5,1056384256,1515963,889931776,928403,23023,46409,19618958,358.5,9175651,116192,37040464,1640831,12160820,1008088,358.5,1395834,9246,31210346,3761396,10773572608,95356,99311896,7622315,635170880,160004864,64257596,1757380,24035140,3739,11983463,1235714,921782,42588648,358.5,322002,358.5,126047944,191567792,23523000,13916669,60585,1923749,22611,40265632,4133300,90691520,288285,4135,22416482,33491,2700617,3762,4425,358.5,47854056,159899184,2605801216,1663565824,171372752,358.5,33889912,211383648,358.5,358.5,358.5,4645,5544,6781,534056448,21962842,358.5,6409,199325696
"160711-23","plasma",2124440,9179498,5287033,5438828,61260412,1217391,4996556,6255776,733571,3249,5590,358.5,11150204,358.5,6135,14260059,22663878,56553600,1072095,59510,88156928,358.5,358.5,19019616,694140,682061632,4846,18984212,677879,358.5,3041292,324625,3056710,298574,11574032,358.5,358.5,358.5,426228704,108713232,32351992,63336748,358.5,110500,76376,1297,8496,358.5,358.5,8466,1989859,461160,4141,24479,358.5,5685,358.5,68807,32967594,358.5,10623,867434,1532,778937344,216095,686142272,407552,358.5,4365,37670468,358.5,5426230,186767,26343376,2120179,13163159,2392079,358.5,469249,18137,31451976,1983327,4170826752,35363,80544840,8527865,68682592,25589024,86990192,429384,15349334,4087,11873318,1182323,252350,20112516,358.5,170800,3065,54511476,156715232,4588798,6644398,82525,3070647,9133,30120862,2483008,61720264,158836,358.5,17499136,84976,185131,358.5,14792,4589,39993528,27890002,834510592,865344128,184869760,358.5,1348448,216864320,358.5,358.5,358.5,358.5,3719,21201,209831424,17700236,358.5,5820,167043280
"160711-24","plasma",451378,21505410,2865184,11237967,25869966,51846,6762784,9926296,1650486,4008,5405,5077,14124853,358.5,5067,8523257,32309538,63425784,553125,72620,161575648,358.5,358.5,14706269,504519,1256460672,9126676,100669880,4340074,358.5,3375226,724300,3871659,64046,7784902,358.5,358.5,12904,434162496,109061848,347504992,43505636,153864,117702,94060,30081,215341,358.5,3315,67233,1114997,29095592,358.5,46060,358.5,358.5,358.5,760747,54274720,358.5,15336,606126,358.5,625270336,2009820,694833920,2275518,5321,134480,34037648,55658,4841786,140522,29722374,1338403,7217543,580272,358.5,667106,19189,31745248,2922954,7255418880,16197,64367552,4993506,340716800,85870368,51996560,1904884,16142153,4257,8839612,576185,528058,56130820,358.5,125451,358.5,101765656,151500496,7827670,9635983,451863,2474316,22045,19044314,655160,61377072,383284,4491,14511827,11505,7547408,23828,6143,358.5,26267186,139148496,1304468992,1485833600,97746616,358.5,3428339,229123024,358.5,66355,358.5,195104,92130,12016,274964096,17039022,358.5,3705,125672448
"160711-25","plasma",717284,27841714,7647844,9335886,36476492,1569871,14010515,10714630,1350954,9953,8325,358.5,14906395,358.5,571858,16067543,25214550,21276930,901032,49339,268865184,358.5,358.5,56340056,1255804,1374215168,48536,330033920,9020451,358.5,3628149,317934,4939666,24159,23722942,358.5,358.5,358.5,427593504,109625672,72766936,80749304,8276,183367,707082,35907,22408,358.5,3787,137015,2010696,712867,358.5,36350,358.5,358.5,358.5,56343,61547308,358.5,695580,205130,358.5,969575744,722852,908116864,358475,358.5,14704,45569888,358.5,7612878,176464,24931466,2661906,8886952,2531790,358.5,885798,46565,32627158,1842246,8306063872,313600,48943784,9171358,205098224,58125208,127114992,814764,17518966,3254,12147762,1453386,586804,33234112,358.5,364349,2922,106341136,188149152,6767994,6343298,12492,3910818,2354,59277340,1711055,87634792,401084,4141,25008190,11428,3487588,33257,358.5,358.5,72841368,127163240,1318476160,1201440384,251761136,358.5,1424412,195821392,358.5,358.5,358.5,358.5,3709,21926,229810720,16838420,358.5,4755,117099664
"160711-26","tumor",201647,28906650,2642097,22192050,12144080,986203,9951793,8087898,423483,596845,25200448,1553107,5386501,102984,5087064,16417768,358712256,10602698,1301323,848987,255457696,17276574,2845940,127617024,411426,176061648,1745204,1960744064,12932370,1126752,915585,405598,5984217,735681344,34523468,437339,674960,9599843,381395392,97974288,1466992768,24381614,8418533,659074,1792005,1003092,151439216,4706818,7898894,21220984,1761042,516404928,8400661,2166541,1037357,2150268,513800704,118727640,315886720,558744,1191627,158948,576580,14013433,311543488,193976256,299744064,57007132,7599694,38216156,4334384,55186088,152129,21812594,1791529,1027373,5929446,12309454,258502,2398,28277882,1257354,13158148096,1517998,328861248,34121828,4893135360,1155641472,258428752,71321312,88753592,358.5,292647744,36783,83902288,137301552,3005259,3197794,3489992,1073150208,807646784,12818613,2460154,11691773,1332044,3199348,236598512,460282464,21343210,1690621,101203,2052330,4768128,177423312,443402,4603,48634200,64771356,464615008,715990208,6419390976,265562864,10569,987102,77156168,15695941,62734296,25681168,55216420,918128,6003,1152110336,7788112,5332,1825714,346954048
"160711-27","plasma",577029,27370176,3577534,9901843,74747704,1417713,3361650,6795486,1515699,4299,1796128,358.5,10629096,358.5,5902,15380071,38380084,13868081,772913,125473,159548896,11829,358.5,57394052,954418,738967616,4466,219889504,6754461,358.5,3285851,584421,6784432,42000,17348356,358.5,358.5,77469,410954880,110520528,281888544,89087488,979793,67307,349399,47345,610335,5014,11593,44178,1596497,12387956,69782,72511,358.5,358.5,58168,1328897,48305184,358.5,30399,476354,2637,944765824,3201101,807421760,822435,276870,221857,57320492,907782,11860279,103089,41427556,3163850,9509098,1671520,12754,607889,84157,32221714,3517972,7908308992,48491,109241592,13978709,377689440,97247208,164800320,1721974,20369766,6576,13268373,287056,2099429,57188012,358.5,629616,358.5,112697928,275046016,16963762,22793056,2104098,1158068,15428,95340808,1980600,16140733,451569,358.5,21157396,23124,28927840,21416,4392,358.5,78682304,108585736,1337501184,1777030912,278253312,358.5,3096541,219791840,6799,73968,358.5,349760,140978,17069,440872416,18460362,2958,6067,276820992
"160711-28","plasma",2333678,23406352,7281108,13073810,52095476,369902,7816424,6771322,1776284,3381,336925,358.5,11575223,358.5,228795,13708696,28097216,63388180,1203266,88413,239869504,4764,358.5,39529492,1044047,706269888,541046,125690376,2712673,358.5,3024633,299779,7119675,44779,19869190,358.5,358.5,358.5,418926368,108572344,460324128,93969760,17474,96190,353804,59523,91648,358.5,3526,9416,3198146,14410167,4111,22509,4092,358.5,8076,890541,33209168,358.5,5294,933776,358.5,1016303616,1023815,887892864,820150,37428,46545,39865820,6079,8853352,379053,45639688,2323326,9350753,2246767,358.5,879579,12148,32308028,1713878,5101601280,24158,124405024,12499144,190501424,55949680,108704120,1670118,18777300,3453,15646996,838469,910578,54686332,358.5,896477,358.5,104270744,227224368,6638824,13274820,809620,2673694,6012,41424572,2553276,67818352,552506,358.5,22472178,40426,5995044,14859,4389,358.5,66448308,80210488,1117650304,1779070464,240562608,358.5,1360407,234389056,358.5,21444,3137,358.5,9306,19094,344668160,30843294,358.5,7021,232476656
"160711-29","plasma",566360,21363642,6435413,1980342,60948924,57229,5661270,8364132,1049003,4801,5989,358.5,8318762,358.5,655391,19622606,6383448,21928918,139550,142231,73452408,358.5,358.5,4321109,188510,231803312,3904,99462312,8520329,358.5,2817566,115708,1210026,18605,941146,358.5,358.5,358.5,419679040,104572888,77225800,9852261,40844,305170,5562,23866,742524,358.5,3125,593945,110779,3744336,4100,63355,358.5,8957,358.5,1962134,14200741,5501,5363,539980,358.5,53705660,1320830,90876560,3038366,358.5,88126,25463598,3523,1554604,13981,11503514,1479224,886910,284949,358.5,189858,5436,31531602,956993,4040706304,44889,18063558,1669259,38273624,16400961,13713167,406775,4782680,3310,3013516,152992,190400,36984828,358.5,152269,358.5,18699238,27086772,2406479,1317034,342405,930259,3278,9241296,1882783,26434150,139131,358.5,3737461,26409,15344975,12775,5214,358.5,6322924,70353328,499341376,237374960,16222116,358.5,1086989,70448688,358.5,358.5,358.5,4750,3626,15858,48712,3864046,358.5,3808,36681132
"160711-32","tumor",228232,21414860,6856934,27350290,11803364,968121,15822109,7972617,940992,73038,26113256,1818424,6329658,102275,292047,15811209,490064640,38935464,3791154,1007728,289726272,3852848,1356641,173449888,638912,326308032,1075209,2726217472,9420573,100417,1967067,620266,7008340,2767720448,54044680,24216,867170,12947112,337579168,151596880,685626240,22987568,2355108,1238153,1489096,1626239,139134400,5164134,12056222,17027990,2528442,452621344,4357062,1616336,679920,512305,51294864,87416464,612164864,6255,1664888,240956,113122,42202336,190690192,268743040,343226304,44874352,3151688,69564328,565712,80784520,855474,30317480,2871973,1074329,14048853,63640,483606,1412,26255776,1282762,15402380288,1479758,568390208,36440244,5602963968,1324678016,343995808,127077752,105113176,358.5,422941984,148957,53619392,277113856,98093,6147208,8451018,1435284352,1063493056,11352552,3277879,1867746,5074048,2742171,191185808,12161907,39581372,4196446,216513,4443198,10523101,247136736,952831,758267,4612314,85278968,642100992,859667328,8969077760,302426656,170398,798901,117130736,895236,46223576,7969230,58487116,309706,9570,1644327808,19668128,4065,2020654,497868768
"160711-33","tumor",45573,15478624,3022637,26593130,10080818,582302,9016705,5575582,534326,1177585,61757288,986726,5027292,152272,1040034,14499400,432611232,32557476,2932472,1327701,197240960,13998270,3715022,141826752,496036,125369016,2622204,2420549376,6172544,644311,381776,618254,7841180,2892165888,55140184,329324,937212,14730317,272740352,87502816,1961062016,19819128,5748940,1023132,612922,5206034,231713648,7259010,11176003,18998502,1184420,372659808,5970944,1909423,849770,1392978,269407936,77212760,379826432,493697,2912306,515009,556113,39516848,346984416,233138224,331436800,63152548,2290708,42128196,5334007,67426744,540349,17088276,3803256,465407,7129433,563498,208253,3448,20851110,681471,11561886720,1793301,461919232,37428860,5388221440,1271451648,285798400,122380344,75026800,358.5,409160096,207526,74970096,137004656,1638564,7583922,3930231,949639680,957356544,5521438,1448303,16016177,2322355,2958020,209444416,10441165,20359666,5246986,213282,3405102,3725539,299390144,646627,21637,29036822,84859120,636817280,654508928,8310659072,299581696,70077,558611,101234032,10405482,71046568,25715172,55190884,332954,26714,1498978304,8754887,358.5,1360454,388694336
"160711-34","tumor",75326,18113846,3418606,24215018,7883475,759857,3181191,2452497,497535,762554,34616172,785629,4837800,160801,2919402,14350338,330583168,36645528,1850103,510139,269856640,12146991,2459962,87769152,775206,135751056,2622266,2311075328,9802017,2582356,1119020,252708,8177456,1862197248,38174908,284135,814034,10368328,284412256,94552760,2134470528,13116515,9526627,974105,24837,1478362,152037040,6824415,11085869,19331508,1467858,545322624,10617390,1412178,537841,1346131,289738016,71995832,562118848,158072,2394245,331887,214538,33580720,228634176,177944448,241483504,42061556,5881402,41009000,6547994,57524912,465631,23470192,738000,435318,7412326,12101892,289481,7709,23859168,540968,12080209920,1320102,453552608,30577598,5695376384,1323891840,252745152,101475320,68454616,358.5,398120896,379187,89514048,184305152,1666574,6335450,965684,701571776,911731456,7135151,1433473,1991127,4900924,2736045,159563488,11202139,21939856,13019942,71701,1586270,3797839,259762880,631863,178017,29476690,63430508,983838912,657592000,6692401152,177067648,10858,248662,102085776,8850704,70171208,20583686,53520276,851619,10690,1585728000,11292921,358.5,1880772,334100000
"160711-35","plasma",2800946,15105625,7160998,10390742,11183157,204618,9743678,6969290,2689297,4209,538266,6977,9987120,358.5,272167,14106695,26917704,52946136,707868,142844,169884128,41404,358.5,21984040,909124,991974080,5201,93199320,1135703,358.5,3263186,583214,3897978,111425,15208050,358.5,358.5,358.5,397937920,130081152,973811072,79237616,85635,171830,427551,3159,18659,5316,358.5,24440,1409091,2341265,4850,19629,358.5,6272,573985,529871,34461372,358.5,179942,594804,358.5,1146857344,833827,880067200,316880,49714,119904,40986780,358.5,6589005,636027,25106052,2099691,9860589,2651350,358.5,747444,17343,32574966,2813376,5020591104,47869,56544464,11104839,278655712,75745744,63574064,938754,12765104,3288,11208784,354405,673793,15513447,358.5,332539,4099,70358824,116860920,4112332,7170670,438452,2768458,12034,32280792,2934430,88567744,347047,358.5,25631194,34093,1673317,3840,358.5,8136,63051680,63454032,906055872,803016000,211363088,358.5,6357912,235742720,5781,358.5,358.5,358.5,3378,32015,297030176,24711872,358.5,2657,127942120
"160711-36","tumor",83063,43229268,5292644,11980490,12970659,231555,10189572,6839494,415817,590540,34326436,725453,5846820,18428,4021608,8350948,234817056,11960292,1175121,514343,228762048,4609930,1645655,73058344,609498,103050464,3786409,1836284544,10707242,167989,1209062,297093,3736786,266131392,21815188,39330,361591,12634666,325502784,98739792,2223693312,14853356,1664286,573399,23551,986191,104234440,7859920,28076106,9847306,1349248,138651712,4333850,826207,128832,1956114,172217568,57280828,389614048,43752,9890948,552151,207221,23571092,235823072,125089888,199154256,23880082,520432,44301536,420082,37116548,182796,19376234,2396956,508780,8011184,73520,329287,1296,27214646,437904,11159662592,1565608,273353408,27204650,4221608704,1034802560,187612960,173186560,46617928,358.5,329773600,102722,38813092,170779472,1369628,5779958,1735972,2939252,712282176,5747666,2039178,13881431,2518587,4085688,116970472,987835456,31036878,3347749,289760,470912,4537275,58831200,659658,374376,19548264,44820288,515654880,598676992,4739817472,163794000,7902,395677,95566024,1352008,39696828,9702637,19897736,256118,17156,3097566,11791390,358.5,1619984,263779760
"160711-37","plasma",2128428,15745418,6967508,6987121,72019808,151240,5135156,6168580,892144,4795,256039,15592,10477985,6460,5750,7083714,19331258,52677476,655820,146388,131092072,19920,358.5,10145166,548824,725094976,3928,1612094,479371,358.5,2802674,206843,1937154,25358,5699029,358.5,358.5,358.5,399457472,105608512,696860416,51800008,18434,252743,104891,21325,13374,358.5,358.5,9439,616809,1354044,358.5,64320,358.5,358.5,612938,202172,27656634,358.5,74889,490482,1396,573287168,697956,813277504,530041,13868,48688,30101804,358.5,5106114,162932,26632230,2297410,6669759,1182346,358.5,459343,2813,30436866,1135707,4709509120,9379,52113708,7047370,179370656,52993880,48219068,312626,9793376,2965,8797633,562868,342876,26739716,358.5,146466,358.5,53074348,102137024,5106564,4159966,163273,3414436,10712,21862308,1351162,81155880,536983,358.5,12658131,21157,806669,7007,358.5,358.5,20270572,50614016,857210112,697952000,84219960,358.5,1224471,177927872,358.5,358.5,358.5,358.5,13927,31945,185940560,13560550,358.5,2509,89686560
"160711-38","plasma",2082590,18718220,2896317,13179489,31242146,341381,4162734,7164886,1633974,3670,2452995,6625,13231064,358.5,6124,13657525,31008284,41958876,940000,66286,212655232,358.5,358.5,36044928,924952,1070902080,287641,350221280,11243392,358.5,2641716,228933,6923080,17855,15890872,358.5,358.5,358.5,399438976,108991304,2086158080,75870672,18372,168201,384816,2173,1080833,358.5,358.5,197780,1581614,11941463,358.5,45418,3738,358.5,325350,898484,53185928,358.5,124744,897023,358.5,708505216,4423160,850302080,879203,170868,40380,42052284,358.5,10953848,399321,37243296,2226518,3554063,1681120,358.5,701212,21546,32188502,1619390,8423488000,29304,108419648,12363600,507623488,126342704,108273712,2170261,19136014,4572,11730462,827030,1004167,50239260,358.5,416160,358.5,101803336,202250592,6742582,6905315,3835534,1062571,9665,38739640,3519778,146739856,1360601,358.5,22666446,28169,23317026,29634,5648,358.5,57782404,265506016,1335951232,1110983808,205618544,358.5,1084269,211245024,358.5,358.5,358.5,358.5,5501,47299,326466336,24153354,358.5,7333,200708240
"160711-39","plasma",521871,6801739,7467332,11434318,64888912,464598,12563152,5178108,1275500,3684,92547,5967,14951552,358.5,5601,14549456,32236814,46930540,917286,52592,211452656,5209,358.5,45231512,366324,966287744,9007,4455218,1151612,358.5,3503714,1160133,4893976,3262649,27154026,358.5,358.5,358.5,398248896,111387176,1206873600,92250216,9701,64911,276716,21601,4255,358.5,3221,117442,1903507,5911202,358.5,28028,3222,6371,75871,238201,64135768,358.5,66045,474538,358.5,1368363264,815789,1015838656,882959,140611,36808,39350236,358.5,8617911,391816,28594664,3910719,22754838,3347775,358.5,780891,20874,31981904,5717494,8166601216,23819,106307744,12907544,543643200,132972200,101632816,1632563,18735512,3314,13996244,471319,540556,34619400,358.5,422077,358.5,77495640,209259248,6049022,16935240,509801,2648228,6330,45739832,4604354,156510160,2485805,5848,29410824,124914,2049917,2602,4572,358.5,89157024,89028336,1612980352,1455443456,330802400,358.5,3748795,247089040,358.5,358.5,358.5,358.5,3851,32706,575789056,24900320,358.5,4231,217835264
"160711-40","plasma",182294,40229820,6541404,12923588,61353564,8067,5279914,6816816,1362044,3608,10484,358.5,12506616,358.5,449776,13588260,36923020,41623096,977507,46067,178005776,358.5,358.5,32685030,500802,1062945728,4595,3068478,817329,358.5,3377309,551161,3275124,160889,16591065,358.5,358.5,358.5,400896064,111885096,964089344,73904584,4874,196422,48666,358.5,19787,358.5,358.5,16755,1302760,1711486,4234,6204,358.5,358.5,65124,110086,78224752,358.5,242918,340518,9313,860134016,726252,979568064,520501,28429,10135,38183928,358.5,7457297,257812,29359892,877675,14976081,2887948,358.5,517914,6636,30147822,2912392,9129036800,30747,94605192,8212486,609226944,149690464,89475432,1729875,20013420,4721,13036105,598109,460545,43024952,358.5,263948,358.5,98819888,191680096,5882413,12059517,118277,3066392,2801,33034794,2529486,152240960,1015031,358.5,19497036,91123,1253286,9765,9055,5393,45600804,68780024,2046204160,1559162240,191100768,358.5,931192,224357040,358.5,358.5,358.5,358.5,3054,19638,444259584,21404694,358.5,3042,188588144
"160711-41","plasma",2316978,7926241,8148158,12882879,64911276,110976,5210606,6274339,1058467,4109,386566,58731,14548649,358.5,4893,8877957,33794072,65461544,794237,56242,236555648,358.5,358.5,27997108,1415963,986964928,188073,138024112,2180319,358.5,3757382,972521,4226937,14146,12147992,358.5,358.5,2951,412673600,117841840,1038362816,65857248,45203,138635,107732,9692,343344,358.5,4362,36936,1784896,5264962,4427,18847,358.5,358.5,60750,159766,50697664,358.5,292316,411451,358.5,1017075136,1780144,869813568,431240,139839,20063,42602724,5093,7986434,425425,42642572,1894075,7102568,1823586,358.5,1094839,16429,31367330,4293656,6025341952,7059,89928216,8687373,486706944,122773840,62634940,1851032,18975140,3533,14731767,399997,867301,67468320,358.5,255412,358.5,90269416,187043584,7545462,10828231,1916347,3215104,5472,36571960,4419222,98801936,843296,4513,22686752,10638,5721423,1741,358.5,358.5,51112348,126917800,1263899008,1427801856,168864128,358.5,5750344,232030880,358.5,358.5,358.5,6832,3638,15890,624689664,26310906,358.5,3241,172343616
"160711-42","plasma",562238,14581379,3904742,10945879,30433416,211914,5147194,10465776,2132662,3671,341565,358.5,12903700,358.5,213700,15290314,27172636,24835104,932589,84359,215555776,358.5,358.5,41649388,658606,1037595712,412320,273447456,7835661,358.5,2940563,443945,5359838,7130,14468649,358.5,358.5,358.5,405819808,114075832,1483720576,79922672,21245,197882,396863,4124,60101,358.5,358.5,363733,1257651,6338470,358.5,3794,358.5,358.5,14538,456354,49890720,358.5,63981,810887,3792,717096640,875943,844439552,649028,88485,14827,39287932,4824,12370087,223586,42065412,4148034,5792523,1029891,358.5,539364,4719,32801372,1971240,7194685952,56410,132371688,14065605,481987648,118430240,127344472,1462528,15465679,3787,9894831,366308,604186,20298212,358.5,383216,3510,89025832,225550624,7967611,6820885,545821,1398877,11648,68869408,1964959,108265832,930037,358.5,19603296,4649,3491838,358.5,8010,358.5,75971816,123357984,1412120320,842593792,248178432,358.5,2387482,220751696,358.5,358.5,358.5,6411,5935,11565,352301152,18722998,358.5,3580,282741472
"160711-43","plasma",2002501,28199236,3119874,9033548,28965722,233790,15115297,6659159,1657106,7387,595752,358.5,14496024,358.5,259279,13932381,30296550,56811688,585074,18805,209217520,358.5,358.5,20207000,635461,1226575488,4040,99432408,1021122,358.5,3993774,1726412,4142657,52582,13009315,358.5,358.5,3025,407117824,110791112,1412505088,74112312,135754,117753,343399,19256,157002,358.5,7349,198487,1351223,8724116,358.5,54769,358.5,9214,52341,296400,39615992,358.5,46132,876671,4831,933596288,1236952,739976640,1554447,210005,22308,42759940,4722,5188294,360445,28688450,3408133,11965036,2257587,3511,740283,12029,31201384,7334476,4303791616,63955,62783332,6987012,310357344,81085608,60981936,1361896,16701893,3382,9433816,770596,645757,38005096,358.5,329744,358.5,66749652,129940032,5721590,9480393,715604,3235559,3450,27946122,2021099,91875296,1611377,358.5,21639532,22536,6312028,27605,358.5,358.5,52438372,50058972,930459264,1053774912,167073648,358.5,1377112,239125792,358.5,358.5,358.5,358.5,4019,13952,202152016,24171472,358.5,3519,135089392
"160711-44","plasma",303817,12312232,2725773,9972842,29405344,720535,6054899,4934819,885238,3535,85773,358.5,10842112,358.5,6093,14057282,29335980,40300248,810206,24409,164987392,358.5,358.5,27851350,390564,870099520,3859,181786064,2703889,358.5,3669906,279781,3828601,55986,20171068,358.5,358.5,5395,404559840,109081720,763632960,76287704,193241,134427,552636,358.5,58776,358.5,358.5,5164,1930626,7162856,3304,13757,358.5,358.5,16542,307148,33431842,358.5,67020,456983,358.5,923299072,897311,888409216,387710,150450,5857,35530032,131389,7202642,427095,24896304,1334746,9519390,3370807,358.5,969050,14545,31006840,1970301,7695569920,16101,81298840,10834284,183549968,53266080,103123088,1400424,19637178,7674,12515208,432181,473999,70141960,358.5,238587,358.5,85618168,164905728,5482200,8621010,138407,3196980,9528,36092772,2707192,138552624,680888,358.5,21269496,25848,2510211,11377,358.5,358.5,63099372,70760312,931705792,1353003648,222498624,358.5,1734302,253097024,358.5,358.5,358.5,54480,4054,15624,248030880,20101650,358.5,13261,167135632
"160711-45","tumor",158858,21958680,5717534,18563614,8849057,1541732,5382964,5250100,995846,322581,7492798,1132610,6062510,95161,391083,15674594,329100480,37075908,675791,235435,308558144,4637108,1443490,95074808,1244619,204370880,3139708,2635359488,11465725,211321,1291195,738505,3508364,653617536,45530600,12281,760449,7682964,345231968,77001584,2680264448,21163990,2768057,758613,514535,1510029,91439800,6774982,9379933,13436413,8128160,920167808,10295733,1196483,640172,292681,103574768,51290084,616271168,24077,2000879,1527479,133151,9036567,284022880,167559648,273272256,40467700,9904861,46560344,1791146,51508544,499882,23338064,4112917,908219,8823965,375425,515455,2203,30419160,565765,11870043136,1197079,349985440,28450690,4560052736,1077698944,167554016,38779848,47759508,7019,501129504,1241199,24965812,178050528,552066,6248330,2830505,801720960,883965760,11889718,3657652,1827821,5647703,3523128,175675696,12542094,16750742,4658452,158703,1746766,6140219,159578672,846999,562370,11489018,63642796,247834640,546048704,6250131456,223147808,17219,299897,121069496,2130198,38595964,8184875,41033000,224348,7814,1276034304,9173422,358.5,2444687,341641568
"160711-46","tumor",983893,35442556,1362108,18855818,9822153,1314632,2643291,5502169,698430,228342,19844870,1637917,6936301,107562,896399,15136425,429228928,42837040,1344830,364844,272003296,15513157,1943917,111972344,447614,212950928,2498350,2109795456,10674967,574955,1811422,425861,2606302,1283805440,46663580,116903,566143,8109906,336770272,99471968,2925129984,16807776,3580032,860462,677677,3577340,141878128,5063625,6557378,16413515,2335214,728397888,5466037,716382,770305,452926,214311472,52938556,526513920,603561,1969690,223011,199037,21614504,246701872,187243456,317253408,41551544,7547140,38879820,2373456,56957536,634457,21678976,2135229,1697920,8459680,1067895,419990,1842,28089688,1232750,11910852608,1468693,381143296,29589766,4660579328,1108612480,217195600,56287788,71943696,358.5,404475328,145246,37085912,205515808,1719097,6601212,4358082,856196928,860188224,9231562,3669924,1115306,4586892,2699804,179111360,13758681,36117784,5533229,169012,1596107,3904780,231290400,969418,266033,23790948,57608736,450980448,716838272,6664571904,204985680,41031,509980,112764024,4785796,36836476,9798488,43659064,185057,21829,1341303424,11570533,358.5,1954688,336310176
"160711-47","plasma",2561364,12609358,4176521,10326606,44859832,79790,5533227,7073422,858820,4201,573123,17452,15574372,358.5,6153,13462892,27444890,52794448,754239,77853,176479216,149549,358.5,27657308,1405076,1007251136,1326934,272751616,3607196,358.5,4014439,939413,3860266,34960,12711104,6584,358.5,358.5,390344768,105512664,1124958336,58422904,151957,86478,103183,21489,127041,358.5,358.5,11783,1876049,4193360,4864,22455,358.5,5913,729079,459634,43258712,358.5,739838,989561,358.5,1002608192,1086292,757336448,383477,62940,177063,46298408,52624,7828118,292137,38086568,1713804,5109038,748118,4436,1096796,14081,32599518,4334848,6176899584,19811,80127552,9417288,448145536,114028448,65074984,1380136,16946736,2943,11890569,328065,803359,28823242,6647,581250,358.5,92232552,163064704,6496721,7267102,751109,2313562,1846,43592964,7646314,135408256,895647,358.5,23535254,8360,3326671,2605,5840,358.5,60422668,101348032,1127451136,765634816,207622656,358.5,11303523,214742144,6078,358.5,4177,358.5,3844,28221,592103808,17423484,358.5,10118,173801040
"160711-48","tumor",119736,15816244,2728630,11578279,10579941,7259,2769376,5677216,576005,191361,26137692,827697,3814293,169620,1594607,11805963,331581248,30747356,2930539,388332,165392944,3536536,1636116,119786176,569888,113072792,913255,2363924224,8400542,72756,2099222,912206,8847630,1548812800,49671844,55068,552207,6535916,230378544,21242324,1818867712,13065090,1866063,853822,507813,1044543,126100072,1882432,9128515,8017150,3486205,92745544,911852,615455,242373,624899,91085320,46550756,543032128,15005,2844723,313163,778222,32790850,192779456,300434880,301801888,30602848,940228,27146482,1187364,62258164,222002,17480972,2070861,357756,4015184,346175,108975,4654,19860020,218744,13885468672,1244140,599819008,39088152,4871374848,1143216768,525931104,105251984,31946472,358.5,299443776,594320,24376080,123963056,1782952,9153897,4379558,347468096,1135145856,4663518,2152510,903399,4563510,2281045,145306848,8990495,35455224,21493068,482424,1271734,2369763,48595948,663990,29467,9245196,73866016,425948320,491693888,6699644416,195347376,93261,50765,107615440,1962382,32011216,8580301,32620994,318595,12630,1057695104,19840214,358.5,1633532,490208864
"160711-49","plasma",69348,19740046,7369062,9039412,66947084,585402,5795290,7320558,1126897,3910,260304,358.5,11147942,358.5,272490,13842074,25503348,59721916,918915,30872,172069216,7051,358.5,34754732,1285713,636362112,185090,3241018,307204,358.5,3888203,555580,6497446,49828,21590210,358.5,358.5,358.5,381892768,105793600,977442688,80374792,35162,129118,169333,2624,25242,358.5,358.5,524603,2215517,4129721,358.5,31300,358.5,9296,508908,93214,33733700,358.5,1015383,329850,358.5,684164480,598824,943001536,339846,32612,48179,36244244,358.5,9842524,495271,34924736,1230489,5426443,2676453,358.5,1120319,16604,30860262,3090904,4123535104,60596,118966888,14267390,250822064,66630900,129906512,1155031,14008351,14183,12199257,755393,416903,22517808,358.5,679667,3475,68043080,194595888,6384985,6841646,319674,3664984,9594,47879640,6414802,68103584,1016618,358.5,14592977,54081,1426635,7008,4770,5288,67687432,53454848,986287552,1165809536,218186896,358.5,1870664,203881680,358.5,358.5,358.5,358.5,4494,24279,267934368,35071488,358.5,2928,212643040
"160711-50","tumor",153675,12907585,2914480,15658944,8704016,258142,17757998,8518728,314374,841231,39391844,1892708,6077230,179230,1108521,9396208,188560464,11175492,770300,263646,246710704,11545085,1940690,98116688,841208,99612216,2823546,2082851968,30458274,2004134,440703,233375,2462141,2252932608,34363688,188998,438274,12902829,324815776,94601576,3285449728,19100624,7295462,593742,907919,775815,116290336,4636629,5178894,16838990,1709540,386271328,8656110,1787822,743013,1227011,360548352,71587800,301953952,867097,7484353,180775,256120,30091708,241002144,163643424,162604800,50486860,2127816,39617576,8602325,47982724,241176,19369776,3310014,363079,6615134,3046342,296058,4306,26336698,581955,11764343808,939552,330611232,29135204,4251885824,1012889984,213165248,35847604,43600300,358.5,210887680,400516,43100628,322321888,2660883,6772231,1285370,657565120,780689856,7214568,1147599,13840264,1920687,2590420,164562064,435806848,21154268,6529940,149115,1205435,3205264,188209456,486636,65121,37667528,55368812,451313280,583268992,5445794304,223738496,11117,592079,112943560,9455698,42533016,13568535,35590336,371706,18308,1277043200,15637046,358.5,1980265,312681920
"160711-51","plasma",506810,17969194,8064156,9341461,58363768,245179,5472431,8983645,1244258,3673,1305821,358.5,12236116,358.5,5409,15100257,25740164,30911320,600031,43016,183765264,40116,358.5,26786352,509342,1298785408,1454627,330063552,18621344,358.5,3909818,619847,3710398,33056,10922761,358.5,358.5,358.5,384524896,111757840,1023204736,74289496,40066,94705,107571,13364,204130,4401,358.5,8030,836984,16217661,358.5,19702,358.5,358.5,1193211,1105836,50393148,6105,383770,877697,2649,1063659008,1040004,706277120,599855,206345,199075,39994384,25886,7265785,157144,27017212,2755924,3993562,1467186,358.5,745833,7980,31378176,3178608,7982694912,38735,59538180,6133347,444206144,112807888,53498564,1115026,14068277,10769,7533752,548426,655709,45503076,358.5,303904,358.5,76973776,162865712,5671394,8548487,1332179,2197232,7115,32887482,1028444,138427632,1166525,5230,27732150,15095,6812464,16115,4383,8838,49390668,149573024,967709184,974443776,168881648,358.5,2049349,224173488,358.5,358.5,358.5,7533,7458,36011,247360672,12396915,358.5,7120,132316696
"160711-52","plasma",19036,18176286,2792239,12032802,61708460,174515,6289922,6794399,5031438,4651,265634,5592,19413400,358.5,4531,13230333,38053320,86833944,701358,41729,217897376,6947,358.5,13791124,905765,1660687360,4642,15329091,373540,358.5,3354697,966023,3502470,45050,6718078,358.5,358.5,3176,384910304,111885232,1510067584,56688952,257588,98248,494200,15633,148391,4548,4644,413176,1364757,7049742,5707,31795,358.5,21928,332752,158795,59620948,358.5,720988,488236,358.5,393026784,1045765,857188288,873966,231689,62588,39676572,36867,6416526,292205,32830914,1570247,11332206,1555586,358.5,843812,12425,30283082,3310712,4320258560,40165,76601992,6875986,617832320,153738960,54158068,1668309,17766040,13186,13099878,341542,530625,57689796,358.5,157763,358.5,66137872,168949728,5695100,6693160,697095,3642148,10693,29199152,2211013,85193560,2060910,4701,9794868,14718,2772958,3427,5125,7404,24107526,56309872,1231675264,992614080,103563360,358.5,1802865,215029328,358.5,358.5,358.5,13575,5635,17298,293973184,26828714,358.5,2804,146254368
"160711-53","plasma",1572453,28075232,7286490,10153231,21618068,325354,5929285,5918454,1134297,433642,137228416,14662,21875948,358.5,4475252,12741297,29649778,49331888,531457,70517,415973760,503885,22176,17801496,893427,1574129536,57653660,260890416,13438095,28415,3634986,970306,5634762,52818,7253512,4984,358.5,66825,385704672,116996416,2359123968,54744696,545207,198728,62077,1329,4874658,6025,9052,424338,1105680,21206590,139239,13269,358.5,6211,5055364,8868181,57638092,358.5,200863,1622772,358.5,391604384,1317079,725414208,3431884,3609386,37465,135524144,1720874,5088794,131378,29367852,1758789,4430998,1407821,617590,860086,26934,30787050,4675646,9489614848,168226,79881984,5706901,739072000,182061328,59218244,2832309,16339300,7043,10740917,388686,1593119,160284480,5377,308499,358.5,82030176,155353072,6083198,5337104,69451392,3113622,23922,41871232,8569272,122093056,2336024,358.5,12586062,3669,42331204,262737,4532,44314,39978048,174782048,1466806400,1056424896,105631336,358.5,5191600,202874480,16204,1264780,14985,545959,55556,27571,359253344,18420644,358.5,2921,145735648
"160711-54","plasma",1767873,14646382,8083736,11992803,20326272,7073,82295136,8871768,4915426,9547,966846,44413,15587330,358.5,202894,12206116,28021428,72799880,647572,41155,162129936,8185,358.5,11889744,1452923,1278801792,4927,45562684,1358951,358.5,3390018,1173460,2492588,27716,6246401,358.5,358.5,358.5,382458464,104993136,1083340288,53999288,21288,132381,74822,10361,7455,358.5,358.5,219412,1010137,2779015,358.5,8739,358.5,358.5,302117,64194,52731860,358.5,647995,274510,358.5,348229280,501904,693446400,170972,26836,12007,37552752,4527,6078110,235434,36416148,2331796,9384596,835475,358.5,671734,4101,31874232,3471271,4322505728,28164,84905000,6188680,524534304,128204192,51160308,772596,16475014,3012,9723506,748098,365682,35614680,358.5,143323,358.5,80825496,179757072,6923314,3476888,1265219,3436724,2104,32409232,3803474,62866512,3118040,358.5,9058257,24065,978105,2012,358.5,5615,22112890,67010408,1133007744,671248320,109451336,358.5,985484,180033632,358.5,358.5,358.5,358.5,7940,24291,358132064,18934080,358.5,5078,192303936
"160711-55","tumor",6173,20700208,1788867,26446416,8697952,636002,12872586,12056617,495557,1936069,5398498,1269998,4191915,144281,6346831,13158259,286238816,24990488,2061030,278224,165050608,3717922,2752222,92137016,2521773,48939084,4893241,2757678848,13126936,167258,777289,321175,11127963,1598919808,44152116,363761,702894,9726602,172281456,85429992,3407635456,22003322,2594304,628147,627579,5485122,132988608,9509941,31451868,20423172,2414605,664329856,684095,752934,291803,2097476,614847040,161957104,253229232,1522077,8116326,184489,2002160,36224764,407011104,219989856,113323400,25071822,5161651,40258012,340061,65409064,856396,14825778,2976792,730365,9791739,3596,316797,5678,22104516,469406,12496131072,2114820,480021024,49557124,5593758208,1316771584,377358496,112535336,48506416,358.5,447315904,312466,35274576,196762608,7829868,4822642,664623,470297280,1086319360,6037481,1118954,2085816,3735430,4819017,200013504,21372798,23986012,14375176,483092,2727132,1948502,171980672,684078,358.5,75542208,87817152,650432448,539491264,7136910848,235032864,14317,225281,141584768,14033408,54656352,17011592,29116192,60695,24643,925588800,17291828,350334,1459948,421289792
"160711-56","plasma",1767410,10564115,9598136,20282332,55722596,710941,7730654,9438898,1210941,3362,2654462,358.5,11309423,358.5,9128,13194568,29666880,62899072,1585399,76610,322513344,39256,358.5,40536792,1594502,628376448,5933,5617616,336385,358.5,3226294,558836,3771100,44177,17872192,358.5,358.5,15123,375785440,117599568,3451264256,74730816,272018,219108,136368,67387,339108,358.5,6527,25511,4615970,11958942,22728,49633,11391,9734,1739348,383520,28681052,358.5,1388253,729914,358.5,868953344,2073969,1037194048,739423,524856,106657,37994868,345889,7755462,535622,51261628,1297600,11072524,3371472,6035,861055,7669,30335714,3243028,5888376832,15439,93666496,9311914,326034208,86091648,111774440,1277320,14998830,7233,22870302,555942,1533299,56863560,358.5,128703,358.5,149691360,205420528,7597528,10018683,3750858,2587761,25990,37468576,2328066,133297456,7448770,4582,19096760,15292,4583735,22527,358.5,80422,41531696,98364888,1224941312,2369252352,228104176,358.5,2462512,204968304,358.5,40761,7014,117281,6654,43962,540912640,47759540,358.5,6679,169198912
"160711-57","plasma",321930,14063589,8171262,5339278,63703996,60548,6101041,10789673,993709,3924,3268568,358.5,9388008,358.5,33468,15417580,14353812,38732520,385064,45730,117624944,37261,358.5,10564246,577865,681851584,9028564,161751888,5199445,358.5,2833566,2017812,2576376,18278,4672324,358.5,358.5,15790,385569664,112085400,1013126656,32082944,100859,145391,107462,35723,98027,358.5,4814,264035,578781,30776282,358.5,118205,358.5,358.5,669964,4114580,23890746,358.5,154466,292460,358.5,536211776,1505336,513822944,973123,163452,86108,30672302,192553,3610295,88656,16885788,2169789,2110551,798084,13001,412883,12647,31297092,13055565,5270261248,39790,39769484,3158487,198282992,54709848,32292492,979182,8894938,3068,5423029,354953,389905,54147592,358.5,160150,358.5,39220848,79887600,3061382,2503561,1245530,2251622,2029,15756806,2287898,73379344,696412,358.5,13630084,8706,6130571,4412,4283,9086,20135736,75732560,704695296,608736384,63793856,358.5,1314552,144346448,5244,26160,358.5,75913,13508,40633,197496,9959170,358.5,5184,77817096
"160711-58","plasma",2430324,22403176,2606874,11080684,38938228,220522,5773764,7918168,1277545,14137,451256,9416,14629319,358.5,294721,14702687,26380858,52547712,919359,41498,144163728,5151,358.5,38758608,2057368,698101888,739421,175794864,1565026,358.5,3366465,487816,5949072,16539,26519952,5906,358.5,358.5,397274624,113348400,1229305088,94204712,24746,137691,191479,14726,18047,358.5,358.5,154595,2538325,6821606,4216,18002,358.5,358.5,284986,264874,28413348,358.5,2176332,449001,2284,1024810496,610527,1119172608,171974,120760,37059,44100860,4113,11479258,449139,31622676,1692853,5636700,3045184,358.5,822550,42807,30867800,2846790,4634356736,71861,111979552,12485299,228003872,62086712,123116280,931667,15930502,3579,13103558,708843,626882,28738306,358.5,723565,358.5,74729296,247100080,5523368,10077563,868155,1577961,9367,42441748,2424756,113799600,2318172,358.5,22859344,2864,1600649,358.5,4827,358.5,83583200,77243872,937584064,1101546624,251799920,358.5,1701436,249220592,358.5,358.5,358.5,358.5,3670,49652,330452320,37369532,358.5,6276,225078256
"160711-59","plasma",1884758,11148065,10372617,15895519,61438172,321488,7362594,14607903,6147896,4716,1663240,5864,16323568,5968,5507,13112799,31129082,65361988,1181726,4989,170714000,4483,358.5,39418644,1955135,779198528,3987349,11542828,323113,358.5,3347770,403022,3436774,13313,13881185,358.5,358.5,358.5,389028608,110161536,1779884928,79487104,137360,151219,285838,21392,9431,4884,358.5,264312,2893964,516046,4614,23576,358.5,358.5,236591,62097,34059336,358.5,2673172,355956,358.5,940587904,1021428,890573888,318460,297739,5499,43698156,157757,7960050,267319,49887144,2118907,8104214,2218605,16444589,850278,18749,31773576,2401922,4495461376,60129,121206496,8852926,352877824,87999304,89233904,1432660,19859540,2744,13334698,953404,667716,40756092,358.5,92779,3198,70766976,222761456,6401758,11892196,1878647,1202431,20164,29216110,1961416,34523216,1688403,358.5,20470058,11619,1670616,358.5,5269,358.5,38286928,63655936,1195577600,1795209216,172050144,358.5,954757,248027360,358.5,358.5,358.5,11531,3702,23989,339964640,31739988,358.5,3284,218012128
"160711-62","plasma",1697624,10206379,7896584,10146017,28866072,651893,5633782,7542374,1784032,7723,161548,12232,15891556,358.5,8463,13436644,28898830,45235760,796098,8875,136674144,4428,358.5,23695216,909682,1176188288,218498,2571979,942485,358.5,4045103,1293790,3924989,16153,11649873,358.5,358.5,358.5,387642400,110056984,1009134400,66071552,19010,207578,197813,358.5,21799,358.5,3137,108847,1605084,2820680,4122,27554,358.5,358.5,31229,114747,63862404,358.5,1461272,719836,358.5,538746560,713197,645032704,176327,61288,7655,41267596,3788,5982518,142053,31044330,6178534,16404788,2302642,358.5,945469,13526,31812654,5422744,8886835200,9547,88189040,8635972,542295360,137282208,92148992,1405017,19122518,2926,10785882,798169,353491,25560408,358.5,74612,358.5,86867152,169814000,7041414,14069580,214391,3219007,3742,32668700,3472829,181036832,1565535,358.5,12442834,43596,1028411,7017,358.5,358.5,36852380,64080556,1740742272,999050688,186122192,358.5,805429,234812672,358.5,358.5,358.5,358.5,3509,4676,395635136,15653585,358.5,2609,174146960
"160711-63","plasma",424841,15685901,6983197,9263202,58470448,406074,5314456,8091126,1722147,4293,333636,358.5,18833758,358.5,4998,13757359,28399466,53659376,669493,5425,139286896,358.5,358.5,18710232,743473,1234056576,230440,17820476,940259,358.5,3927293,532202,3068596,26380,10629567,358.5,358.5,358.5,392453760,107595864,800943744,58543228,12303,65743,19509,8553,29305,358.5,358.5,208513,807372,3839971,358.5,14844,358.5,358.5,15315,116080,48409644,358.5,141165,188406,358.5,842068480,533374,881255552,383508,17357,16727,40031692,3393,6618139,315422,29911710,1913100,7487542,1729846,358.5,909729,12395,30164710,2358976,5457571840,17998,69688464,5999978,363354912,94992880,90092832,870795,16686734,3314,9994171,595154,490903,43713068,358.5,92176,358.5,73935552,150159104,5531898,9818449,442442,4462118,3942,30489300,1904960,125888168,723828,4766,19239324,2471,1714832,3097,358.5,358.5,41609208,46518236,1082956288,919550912,131252408,358.5,13212911,231418288,358.5,358.5,358.5,358.5,3690,11933,340440864,22637760,358.5,2810,128450248
"160711-64","plasma",1170198,10654156,3136191,10564484,28532990,488143,5801456,7465366,6869361,3869,315514,358.5,12874702,358.5,5783,13374620,25353180,56951940,1057111,4908,139958944,358.5,358.5,28524776,1004768,608477504,48742,11242005,627419,358.5,2753064,7858,4314360,19808,9880437,358.5,358.5,358.5,382815584,110149112,1283852160,55214908,358.5,221773,150888,34034,32163,358.5,358.5,234284,2667886,2719397,358.5,22089,358.5,16649,25629,33992,30214272,358.5,330043,429477,358.5,725413248,625289,738739776,606730,28316,14191,34949012,358.5,8950315,246449,40243768,2405248,9306208,1759378,4093,685211,4771,30987260,974264,6071800832,25168,119270824,9881948,182940448,51922404,90175936,1129424,21089686,2647,13638807,600738,694731,29604988,358.5,592444,358.5,70337624,218540880,6577421,8411551,427266,2627644,5468,32862616,4017734,91542200,1187346,358.5,15771273,3577,1314825,358.5,4994,358.5,38038048,78446080,931768704,1178103552,150281600,358.5,875353,212473200,358.5,358.5,358.5,358.5,3665,3810,440411136,24865842,358.5,5081,189901152
"160711-65","plasma",2047493,16390061,9949420,12258222,61413224,908474,6016232,10425987,1398529,4796,2550796,25502,15356612,5351,6891,7963017,32077212,68212624,721046,21319,230092384,358.5,358.5,19649978,1175951,1158069760,1050592,391612288,11892325,358.5,4243762,1490855,6415320,6376,10196475,358.5,358.5,2779,381095104,110276376,2205682432,59406668,16510,118517,45962,51213,398609,358.5,358.5,138570,2091656,29275456,358.5,24005,358.5,358.5,80477,2501502,41304656,358.5,1585123,340107,358.5,142628000,1565475,597190784,674216,200636,87043,48511616,42677,8586767,258628,29326312,1810369,5505700,1834692,358.5,916281,4087,31735746,8931321,5401569792,27007,133225848,12900775,379239840,99443392,96440648,1383738,19518910,3376,10211711,754803,550079,37674220,358.5,561983,358.5,65506636,265491360,6999716,3431731,2222752,3407193,14566,41432492,2757790,74334608,2473622,4672,9933705,55014,10804806,7126,9654,358.5,27825622,223925936,954106816,1077495808,187593904,358.5,954109,202745056,358.5,5824,358.5,5360,2938,14147,274510176,22140786,358.5,3199,282247840
"160711-66","plasma",2373548,13021370,6795149,16335771,32165776,168520,5317174,8210872,1945534,4653,743280,358.5,12199733,358.5,129889,13562565,24876558,57629544,1275318,5024,260990800,358.5,358.5,37600988,1250891,613787584,204112,76153136,1904681,358.5,2957068,229543,4607926,19979,15368744,358.5,358.5,358.5,383385824,105720112,2405039616,70934304,4370,170134,483016,61902,66262,5378,358.5,259987,4202508,6462838,358.5,10446,358.5,54485,10763,130251,25453828,358.5,609938,729577,358.5,900029824,1381430,894973568,230058,223664,5432,31924428,358.5,8702517,672768,47230932,1197022,9309696,4116452,358.5,997098,14039,29932758,3025644,6708354560,20167,111722440,11169030,199195680,56282076,124103200,1659739,14483364,7361,20672674,470067,1507510,54013900,358.5,358871,3420,95774064,222242000,8977778,5062566,798480,2674963,10570,40982896,3979126,96945600,4104414,11995,20087964,16799,2288565,358.5,4578,358.5,43765864,161641280,1181651584,1790330368,222882928,358.5,2494663,204962144,358.5,358.5,358.5,358.5,8977,4539,682563200,57071532,358.5,4528,169579360
"160711-67","plasma",558192,32522524,6462656,5966024,31084546,55958,5065952,8052114,1152260,4722,379764,5888,9285758,358.5,501709,17356432,17595986,23828884,427088,4917,138251056,358.5,358.5,14907344,268620,539225664,250673,2137482,650947,358.5,3484749,467643,2234684,7041,4416686,358.5,358.5,358.5,381465120,101606912,672213376,38796728,10279,286335,145422,57539,68698,358.5,358.5,5545,417287,3000681,358.5,15793,358.5,358.5,5494,82396,24764854,358.5,41600,598931,358.5,559184320,1579350,328177728,587892,236723,15066,23769674,16898,3741153,46938,18079782,1618745,5450136,796706,358.5,510790,6153,31502408,2204925,7362744320,23156,33789984,6229284,219093936,61807044,28588344,1598201,11528088,3084,5050827,123107,322608,30558744,358.5,197259,358.5,58580128,70121080,3444038,6039689,760650,1267245,2046,16205915,2922350,75219480,735524,358.5,12114491,10259,1376979,2906,358.5,358.5,26185732,60027236,950749248,688774144,96214808,358.5,1483355,188328080,358.5,358.5,358.5,358.5,59654,17016,230248,6565200,358.5,6262,85757040
"160711-68","plasma",48599,26266534,7342426,13376642,34993188,436700,6155428,7601276,1090703,8027,877812,6817,12013872,358.5,5598,14430195,38691528,23099840,875787,6968,398483776,4493,358.5,54058036,582131,1363536256,253472,111829016,2315685,358.5,3863988,473982,5935197,8370,35822740,358.5,358.5,358.5,381706944,99707800,2103539200,123211088,7090,110806,942142,25931,170567,358.5,4249,6067,1909139,8561142,358.5,8580,358.5,7675,18420,251949,75529696,358.5,441199,835682,358.5,1295779968,2385354,1013247488,322814,441172,7378,41966456,3534,8064166,307586,24651468,1589007,16873746,3586828,358.5,932506,19353,31698384,2827299,8483347968,124714,90219040,13151762,782907584,192451184,127721832,3611893,23939656,2837,12623467,612236,614585,28962170,358.5,698117,358.5,87558792,233678416,5405663,15574639,1212565,3129979,15671,55738956,834938,162860064,1254608,5549,27913838,27190,7161854,1940,358.5,358.5,109226992,129062960,1918210048,1880126208,338977856,358.5,6514052,257443824,358.5,358.5,358.5,358.5,3309,3598,476850496,21720884,358.5,2558,199701568
"160711-69","plasma",2017707,12614217,3578124,5665615,30664916,541544,5597287,11367716,1234434,4426,414179,358.5,12185798,358.5,366578,17332342,53729512,16728358,688247,12607,115254064,4989,358.5,31981426,685010,417398784,201200,55438156,2226984,358.5,3316688,229068,3421746,20134,8918853,358.5,358.5,2836,386209408,107237704,862115072,59502360,19917,32464,416320,358.5,133635,358.5,358.5,5729,1704916,3544186,358.5,10045,358.5,3033,5468,130511,22947392,358.5,64511,317645,2805,788802304,834865,692830528,768535,80995,4189,30276496,358.5,6150724,137668,27210180,1299877,5388824,2692792,358.5,490640,15906,30854322,1607890,6595724800,31237,63662048,7640284,136131856,41013204,91686360,1252756,14562305,4925,11769520,177856,1834782,49236424,358.5,245055,2609,74987552,93288184,5285082,4576214,588492,1852289,8701,30670584,1740515,111213520,1349014,4276,18034362,2687,9508125,3758,358.5,358.5,41944264,96533720,900068160,1014318016,181854752,358.5,15274081,177117680,358.5,358.5,358.5,358.5,68164,7796,1697618,22038534,358.5,2867,146607216
"160711-70","plasma",1605584,14532645,9184723,14900788,37598792,335745,5320552,7402878,1290886,4531,1750754,358.5,11089289,358.5,13816,14845703,26294088,42085004,1056917,10230,562305408,358.5,358.5,36788580,1145338,664081728,4732,188160944,2827308,358.5,3537406,787675,5234818,18347,18821656,358.5,358.5,3501,375070496,107436456,3163184896,68692584,87773,121443,283241,14020,408424,358.5,3153,23586,4365616,18527710,4730,13701,3137,8323,50332,771286,30365534,358.5,395620,645989,358.5,1105344128,3862002,900670528,1304913,199706,105263,37767128,166351,6674536,359772,44617184,2868506,8336002,2835055,113205,1245382,9161,29863638,3422914,6840328704,23596,97744888,9614438,270169760,72662800,104371608,1726145,15484046,4564,14938239,596079,1271974,38457172,358.5,286928,358.5,141613888,224545024,8835709,9073053,2369197,1591627,18298,35849364,3206169,167671360,3346813,358.5,25429460,17712,11884390,3256,5683,358.5,52944692,153129648,1086786688,2250729728,240517632,358.5,2880568,233924672,358.5,358.5,358.5,26779,3610,10518,717566336,30868252,358.5,2820,173557488
"160711-71","plasma",917721,20841718,7180332,11660280,19897660,316353,5389484,8101052,1242489,5189,2571608,30925,12969021,358.5,17235,15155420,31815394,46845236,663127,6434,199285168,358.5,358.5,23752768,432235,1275755264,1731105,102405536,2870869,358.5,4037762,2350769,5468252,15157,11112036,358.5,358.5,358.5,372304672,111918792,1836080128,58343148,146071,146043,409629,7007,419112,4398,2698,18729,871871,26954358,358.5,39569,358.5,8275,16139,626742,66611452,358.5,256792,420402,358.5,664558976,3019009,626235776,927516,293010,51593,37682704,171349,6865981,199863,31157258,3183714,11154193,525228,358.5,1496861,8897,30142236,8208211,7595751424,12569,107542032,11748288,820173632,200698928,77642952,3497224,20868770,3258,10106505,217234,683343,69196608,358.5,601840,2456,81352288,180063872,7072198,13514817,2929654,2773280,14924,42628060,2049966,140112592,1523813,4758,15869076,8458,9032211,3204,358.5,358.5,59206696,167780816,1590102016,1329612160,185657664,358.5,10699586,240851680,358.5,358.5,358.5,31264,10689,5698,528161856,15132591,358.5,8937,196875952
"160711-72","plasma",1287467,10135154,7430772,9921086,65074584,512885,6803108,10632164,5770490,3980,157277,14463,11899233,358.5,379865,7312487,30764228,62394420,769966,11133,193699312,5176,358.5,22863494,782275,950231424,493119,316757056,6855568,358.5,3411482,280750,3366994,16905,10156004,358.5,358.5,358.5,381082720,111109904,1269391744,58564456,54103,316907,186409,6446,489061,358.5,3316,488280,1334825,6290880,8950,33502,358.5,358.5,438169,1010374,41839340,358.5,2769242,1127423,4532,512681440,2358852,640632384,640208,71155,16285,41618236,5664,5804066,286067,29769594,2626564,7656162,2307419,68245,796983,1720,32031792,1712986,5998308864,52353,89365168,8626691,287847296,76203088,80254048,1586709,20928678,2623,13868674,604107,663988,49938800,358.5,434532,358.5,76620776,162054320,4950281,6525782,664633,2978094,9401,33291474,3780667,116877480,1207862,358.5,15678532,17082,5211440,4187,4271,13369,32790978,113172336,940201152,986547904,149799648,358.5,858582,211867728,358.5,7683,358.5,59414,3457,8601,377172224,16937438,358.5,7768,148965248
"160711-73","plasma",1477981,16249425,2607898,12611171,56047104,130398,5826409,8051279,1945961,10803,979256,7466,12103745,358.5,6000,13937147,26298978,48532204,854393,4012,218807808,358.5,358.5,21514692,871168,1196527360,247677,137593744,1875711,358.5,3735468,797027,4804086,2909,12450006,358.5,358.5,358.5,374952256,108992200,1709605376,83972208,46330,133759,769686,5750,77238,358.5,358.5,12700,1625355,9933101,358.5,9719,358.5,9916,17371,266637,32679026,358.5,344866,538506,358.5,973652416,1147470,894472000,1056442,43112,25166,48833920,10471,8343026,336910,32982784,1784494,10316181,2013864,358.5,864680,5716,30002706,3342486,4098537216,81067,79682824,14138310,321839776,82255528,75737080,1094657,16900130,3344,11397921,147636,597550,21322000,358.5,288752,358.5,70570040,190856992,5304322,9984234,1095467,2791756,6482,34788688,1997180,134746032,1550029,358.5,22528872,21597,3446014,2494,4400,358.5,68383824,92645432,943249664,871109696,253709392,358.5,4036934,236787600,358.5,5347,3544,8624,3242,5769,396599360,19883248,358.5,11211,167503680
"160711-74","plasma",321582,23865108,10560098,13784202,21057628,193209,5689786,8069954,1952229,39514,10270486,15970,20106752,358.5,369770,13014056,39122376,70859864,547197,3581,255482896,358.5,358.5,18693382,1081471,1214732544,8510049,94982552,1659380,358.5,4112159,1545228,6572977,7508,3426723,358.5,358.5,24137,384639552,109375472,2094454144,39374316,528588,169671,271597,25006,2028127,23776,16424,616193,889220,15168530,76739,9154,2824,7898,184391,946542,74146416,358.5,104631,978780,2370,140434768,4059143,390873920,2117604,795005,49725,47039028,745722,5390059,150236,30712992,2305483,13245026,729542,14480,1173131,12286,30320282,6075286,7173670912,34476,91670528,7889002,858579008,209550912,47681544,2857642,28084342,3358,11977816,483245,1099395,133372624,358.5,398500,358.5,78413552,145516464,7063087,12207134,10621232,3100342,68422,31474546,6756397,110157616,7064312,15277,4706086,6819,18492892,140290,358.5,358.5,23407612,132022896,1607792384,1207530112,76230840,358.5,6585042,209467184,358.5,135007,358.5,131224,23981,8335,473145152,21910984,358.5,21209,179876304
"160711-75","plasma",1623173,17246996,7274702,14913173,48787252,559032,11557688,10239470,1707462,4965,1228916,6044,9266429,358.5,17270,14079218,30682186,57163280,1063531,7922,315216512,358.5,358.5,49060408,1456855,658883776,183143,2996232,238365,358.5,2922524,177536,5767866,13969,24285108,358.5,358.5,358.5,382527072,100581808,1786844800,100307800,13029,441829,534586,69617,94769,358.5,2759,454588,2915161,4107841,4920,31509,358.5,45717,11500,75787,27292016,358.5,758376,191215,2967,1203125632,1143190,1071055552,531157,251809,15380,40810144,358.5,9333067,597207,46177132,2682022,10144704,3033968,358.5,901156,25153,31932286,1634669,5352268288,67594,93038648,12796390,211116736,59362128,114664232,1985287,19225770,11511,16499999,1102655,1218808,77050624,358.5,759850,358.5,149680992,235841584,8169620,12545201,1535523,3232261,21247,45555532,6028695,179639648,4792310,358.5,24790350,9894,4956318,2399,5648,358.5,90551120,67852496,1107207552,1574947072,290283584,358.5,2817368,242529040,358.5,358.5,358.5,358.5,3268,5046,361492224,41005216,358.5,2671,180912992
"160711-76","plasma",985657,17310960,3112071,8338848,47104856,686271,6051311,10518428,1131101,3490,1575213,5600,12977272,358.5,6532,14268249,23957826,68477800,740861,14294,152715104,358.5,358.5,16031250,1022066,877299520,775202,273131424,3632047,3605,3118515,598991,4644844,12341,7651966,358.5,358.5,2857,378964096,111056624,1719629440,47358904,45648,96937,218575,55925,820406,358.5,2978,482089,1712166,11277810,8738,11961,358.5,358.5,358.5,1163339,31642398,358.5,242010,842068,358.5,280098208,2171226,555934528,374479,110940,12619,39569764,61910,4757018,159569,24160312,1923204,2862427,1324789,358.5,966964,7255,32451890,2739678,5092276224,12052,71687168,7722384,250699360,67038668,72147128,1497298,19475408,6071,9359680,680601,432392,72100704,358.5,237375,358.5,54993740,137273728,4580828,3663664,1563373,3152542,6285,30258838,3215364,76658552,1567814,358.5,12116458,4011,10563038,60671,358.5,358.5,27409222,104789064,834145728,979590784,120610840,358.5,2873535,200388320,358.5,11868,358.5,5223,7945,8303,153025520,15887522,358.5,3577,123452368
"160711-77","tumor",80799,9684396,1996433,26017552,8559351,1206567,10211038,6358070,261291,1338240,53009468,625526,5427171,151336,571353,13375107,436828352,38922812,2418024,287409,229359312,8468253,2107173,100279360,599366,195480960,1773557,2447065600,10349868,190043,1319665,591794,8291120,2374219008,42140552,14029,603601,10169239,246163600,92352208,3665198848,23198590,3231048,877871,746331,2757215,184164352,3798824,12022188,14306941,4365259,994210944,2199284,1955490,240850,1334712,210502992,83611208,519701472,148621,8165438,320163,305459,30232020,312927168,157872272,155116320,32152504,2979892,62938664,1507058,57841552,713809,24263584,3221121,1181521,8335981,209784,569793,6581,21111642,1332640,12866377728,1722431,420764928,35773480,4907932160,1159249408,250627136,139483792,52840772,6486,535971008,351600,63850612,321839744,1754428,3384979,1225219,715978752,919804864,9571687,4438626,14316024,1635476,4772640,199426368,16148540,33032684,9026400,185809,2737484,4440328,332410272,904628,146410,23000004,73560088,541111168,536984192,6987246592,263778320,91866,1025517,139086144,7067956,60370704,13641174,35677616,171529,13424,1703189120,18858542,358.5,1679565,362399488
"160711-78","plasma",469192,14467693,3171477,13494745,47594912,9868,4538752,10362444,1241620,3466,470669,8390,19182258,358.5,5471,12855818,30357442,67514312,677907,60385,132381336,24574,358.5,16779582,653548,1439041280,294972,346532640,12449005,358.5,3651466,723950,3216563,46249,7613614,358.5,2441,358.5,373741376,105186112,1018133760,52953396,77929,183154,121434,7073,64828,358.5,358.5,26752,1037090,14636839,5348,8413,358.5,358.5,521239,446313,46766532,358.5,559325,600871,358.5,447491712,730557,762937088,310295,100438,43607,40476348,358.5,7245420,258532,39858624,2390250,8173700,1254985,358.5,1315790,12490,31402170,3120672,6403425792,5627,94546120,8339325,483889248,121987096,59347608,1055103,21450340,2963,10867658,369366,504295,55412480,358.5,321939,358.5,79782984,195451456,7084136,6972213,894784,3097397,10220,31412978,4113391,127031208,857257,358.5,14741551,36761,3655948,9040,4546,6788,31280810,149947024,989327744,560916160,127467552,358.5,1539158,250328736,358.5,358.5,358.5,358.5,4604,30782,383011200,19544348,358.5,2377,174529824
"160711-79","tumor",28886,16502268,1491918,25996718,7154462,227808,34712416,8124508,161204,1907661,68954832,646207,5386494,169080,3172072,7573012,344879232,42666316,2987204,362608,206615152,13480324,3044120,45605288,873062,101506456,2694426,2501347584,15437656,656919,779451,581281,11763252,2712284416,42830728,91563,874533,11930075,202339856,89366008,3774767616,23691300,6437498,1195042,420896,4948002,204553200,5466376,15662475,18889502,3833647,351952736,4701909,1987674,443755,1854629,270731712,83582520,395395168,653484,14895354,203172,306606,47361304,256350608,172044032,134823520,38935556,1606020,57404756,2242561,62564088,658770,24057494,2691308,304524,11860516,356645,432921,1345,21360106,606435,14455636992,2326840,520360704,34649064,6396239360,1468018048,300369920,141102608,57727620,2691,594583616,378615,90373072,157897056,2149458,2373710,1044091,726919424,871057792,10514600,1070848,22012300,2246744,3926448,218036720,12590321,19689576,8595398,175373,3133407,3464698,354285408,698906,64373,31276612,76089968,724425920,849944832,8047188992,295077376,302711,548271,155479120,8585949,67721048,20593062,46998852,179036,11193,963930432,17465258,3981,1030667,386099776
"160711-80","tumor",140799,13961387,6435566,6156636,17059686,462583,3568080,6721424,1651200,716618,6095064,734008,8986343,11596,1195262,15894606,114076032,30447050,491902,146759,166666912,1698301,361109,49853068,760813,143751200,1837039,1754739200,23192474,105250,1862358,190511,1203572,23338,17049948,6972,167469,5302639,245222736,101896696,1684975872,14276804,2628283,305404,45897,167209,39460204,4196920,5799286,5272881,5206728,444292992,7510222,685550,288643,143823,23756764,26116488,407768064,358.5,3798673,1250362,13587,19464128,117617952,77202336,141915280,13747381,4494196,54364040,592594,22593640,449545,27409230,1796338,1007251,6302130,2972476,574873,1449,30330168,722844,9071789056,624487,219556224,18374820,3073540864,749435072,115987216,34555472,28439020,5486,196285536,109329,23314994,266007136,32555,2551722,332393,456461696,560803456,7488015,1507592,1985053,2626470,1820175,125767976,10645724,44459280,5826233,240344,1001291,2400740,105551680,364532,159706,1965249,40655808,1055288192,574565184,3218290432,127603368,95848,176287,151751984,156620,15062758,2377816,16542588,160346,27145,5907242,11182098,358.5,1159104,273956320
"160711-81","tumor",21766,9853451,1420818,16200191,6134960,616384,6969456,5529465,290997,694748,66597248,1136044,5353263,190873,1974989,13322991,333518592,36474488,4634490,199318,176596448,8564064,1989102,118498864,802621,115681208,3617318,2379525376,12251750,1057447,425953,1369955,5566158,1089810304,48827728,289862,664591,7681833,189234112,88110376,3090958080,22614846,8002730,674403,972116,2127496,126901904,7930290,9673677,7964055,1537876,114530024,10458333,1599905,384305,926736,272212608,124573264,348040992,1063742,18008958,1003620,849005,35149120,276524832,223004464,220488816,42923956,418864,65803568,10235964,62356416,461648,14922873,2573900,672602,6574166,1387595,196853,1505,18950224,319781,12274703360,2052160,403847360,38784272,4748124672,1145306368,223606672,80714448,83551272,358.5,418407168,378963,20331794,233255616,2640055,5706357,3962350,4164637,921569856,3663808,1804957,18750886,3210291,2897680,189629504,11105538,20746160,6575612,308159,1810106,5531245,40246032,821088,30947,32307214,80511536,305032000,457010592,6902002688,255622416,28233,620524,100951520,10885562,47820392,9849370,29956830,132917,11488,702966976,10052544,358.5,1947189,349236288
"160711-82","tumor",398925,34207988,1978317,24988720,6171431,463132,12130227,8005594,219049,457392,28884838,588010,3857254,174502,623840,7699295,342361920,41654808,1045827,177905,142789504,9447186,2391360,85958240,794304,133898240,3408759,2283072768,6423992,873052,663605,860413,6170144,1512767872,36967020,231332,678476,8373364,190318864,82844472,3272990208,17590938,6948132,972921,41892,2015260,662452,6257460,7458060,19529630,3181492,426883872,6216396,2696475,514350,1113391,271853760,69043960,363179584,834470,16649889,228319,93439,23055382,287073760,139074816,253015776,47475048,5209890,46432720,7477432,51374216,538315,21919582,1584398,135671,7912994,3698190,275242,1801,20534784,981303,12010233856,1468667,446192064,30917146,5648723456,1294572800,214714320,71233584,59726064,358.5,256395568,315152,66910320,189939104,2352884,5793151,1520145,1783223,885371008,4380424,622264,4073208,4023919,2594058,142203200,7798924,16293592,11792490,96953,1349196,3304616,489983296,913970,27575,34619660,52205368,501976288,483517376,6635418624,185064368,18402,133641,107300328,11098244,61891948,17570646,41278540,519169,8178,975779392,11102037,358.5,1990780,334988480
"160711-83","tumor",392132,17620824,2877140,3027501,15455948,1446140,22405996,4645593,430481,199950,6993394,901008,4431544,101474,36655,15668129,203036800,16611612,515961,98529,87782384,2266248,453134,50334404,5212,83561256,471326,961632448,9162454,6142,1774934,211600,3857397,100641,22878188,15972,155961,6526129,165653888,91906808,1362343296,4516116,1160196,353561,238951,27012,35108284,800341,3716964,3426321,1662009,46468884,511033,427385,61095,689795,52603916,50331680,218876336,358.5,2766524,1127987,23053,5240864,94104408,74575808,214602416,19317256,412234,1007408,589410,22454824,14716,9880959,2509946,3069221,3392409,21147,156652,31571532,26367274,434592,6738980864,590010,348012896,15619575,1568333952,392852928,112411376,43550436,35127932,3258,116879512,107645,5306132,203535072,263850,6780562,4110895,474258752,650742592,3306238,2738790,527517,502499,821310,71899768,1130253568,18786310,1464177,282320,347637,1739186,34022516,525403,228728,5194323,39803632,172987584,408207840,2613359872,89280824,1938045,325975,71080584,425412,17004238,2040438,8020958,50639,25443098,1233775,1083124,358.5,503614,144867072
"160711-84","plasma",444086,23212958,3098842,1994026,45467980,176216,6381142,3484074,1324327,10187,219664,358.5,5374588,358.5,657397,17282032,11187364,21456668,304810,31744,67295104,29162,358.5,14342251,16793,372172288,51151,8027482,489533,358.5,3110238,33085,1227824,2086,11278850,358.5,358.5,358.5,129205480,101738904,636060160,41984356,11703,211607,247019,1544,2024,358.5,358.5,187699,27983,639356,358.5,72907,358.5,358.5,482321,109020,17219898,358.5,634949,2071297,358.5,587357056,813918,503257120,83297,13861,16297,1191084,3848,2784435,148180,12257735,1139446,3021977,1474667,358.5,211292,1547152,30247892,741668,3598688512,5968,102956784,4305655,138686560,40211184,19084266,409919,7158340,8082,4760735,13737,131986,9278047,358.5,151808,358.5,27964448,59118896,2282553,2776695,129606,551477,358.5,16477305,1363349,12915554,482363,358.5,12662305,75406,390863,358.5,358.5,5815,34423592,45810832,572461888,437124640,102065992,358.5,861362,197607504,358.5,358.5,3039,358.5,3459,52138,179168,2850822,358.5,14476,68413864
"160711-85","plasma",723571,10094891,9319893,14202003,33578192,244640,5884152,6771349,1238123,3221,1159997,11449,9841850,358.5,5905,13185519,44206304,61765056,1086716,30479,214941632,6464,358.5,36767524,1371672,575747328,504603,145538624,2006592,358.5,3180063,284186,3861194,23995,18334616,358.5,358.5,2589,252960912,105654952,1661311616,75227872,80972,103016,65447,15703,278479,358.5,358.5,310292,2870698,11387649,358.5,13811,358.5,9368,253138,410644,27482618,358.5,3340799,1052865,358.5,904202816,1102079,922760448,297750,223070,25196,34481668,72320,7000988,300891,39386332,2080205,7424806,2441194,358.5,962562,14182,30696758,1778826,6444453376,19203,96512248,8467698,240851280,64856568,85199976,1245264,16252063,2576,14593951,547048,866284,55021140,358.5,364621,358.5,120344104,175021184,6046028,7193466,1169227,2861641,15270,38340076,823316,159958496,4644372,358.5,20993030,1923,5877048,4849,4025,358.5,53390368,109935168,982656320,1623472384,221087264,358.5,2159137,219382896,358.5,358.5,358.5,16954,3315,17771,716670400,30402338,358.5,5422,157294640
"160711-86","plasma",1309355,12597411,2847081,8513450,56093728,164087,2881680,7437522,2083519,4315,164210,44076,12519100,358.5,5555,13559731,24742848,67809016,484376,9470,121004400,4371,358.5,11768561,1365156,963501568,176157,1524440,389008,358.5,3682161,1093092,2890145,14473,9127358,358.5,3078,358.5,313639968,105005528,859673600,53413644,14953,227239,66632,12213,8913,358.5,3411,121415,842062,1338104,4650,44865,358.5,4542,115686,54028,36442268,358.5,1083860,1107952,358.5,589533248,578570,627723520,112224,103332,10856,38811700,4187,5362720,199631,28592346,2451126,9979573,1207545,358.5,557512,11579,31619652,4169729,3801950976,34053,68908408,7467908,346188960,91239648,42126908,718744,12226492,2908,9420702,459313,398462,14079712,358.5,212673,358.5,62285748,125949328,5514223,7359186,204984,2668039,2147,22802142,910327,76751632,3357322,358.5,13598598,13363,698099,2345,358.5,358.5,32583414,34877440,920261952,669155840,151346720,358.5,1821668,221265152,358.5,358.5,358.5,358.5,3366,24454,171058208,15667201,358.5,2483,134848128
"160711-87","plasma",353416,8813035,2631530,11227810,23268486,94758,6028316,7506856,1678429,7192,1680896,358.5,22963324,358.5,204665,8308652,32249066,20592316,492824,8579,153031648,358.5,358.5,41782528,621562,1336737664,3804,4010926,3111462,358.5,3955905,969032,3988623,17887,16183189,358.5,358.5,358.5,248208976,108305104,1843607424,83350464,95127,109546,630184,30756,242919,358.5,2778,7159,946416,14207157,358.5,14530,358.5,358.5,133869,392867,73936592,358.5,638737,285763,1945,886835200,2356742,843790656,701270,295340,25515,31109202,131684,6961224,187189,34653364,3572532,11029695,751054,358.5,762568,4456,30060666,4076618,9331492864,79017,95469888,10538647,1028327040,249073760,76082952,1887313,25920486,3003,10082013,1383068,1073936,28202022,358.5,767914,358.5,100897136,145816608,7696556,11929038,3082879,1423002,7301,66674416,468662,137761856,4274448,358.5,19432760,8641,3629085,3275,5009,358.5,68229680,191026720,1631676416,1655196800,236282016,358.5,2770774,225034464,358.5,358.5,358.5,21575,2881,32984,480169184,9898257,358.5,2595,195335696
"160711-88","tumor",552489,18202484,2795754,5950,65958240,358.5,6407452,11097351,1023545,3162,11000,358.5,803457,358.5,4336,10133550,1485120,1963231,2236,12394,12173980,358.5,5088,488973,358.5,10155590,14857,825753,358.5,358.5,2732158,5152,58094,10964,91345,358.5,1849,358.5,75101,94280408,65370052,91864,358.5,204035,358.5,785,309714,358.5,358.5,8941,358.5,362211,4852,7774,358.5,358.5,13182,33881,4213334,358.5,9687,478789,358.5,392142,331560,586869,31555,358.5,126949,1657907,358.5,135712,358.5,3057412,2020832,57836,68853,358.5,5680,12587,30510280,24411,282529344,35728,509107,152077,18927634,6450780,1429630,358.5,802572,6800,570925,1070,12033,276200,358.5,12030,358.5,1808199,687205,1167135,680442,5839,63780,358.5,606324,848259,7902544,135207,358.5,48459,5741,20107,358.5,358.5,358.5,162451,877138,353652768,9809681,273072,358.5,50919,66084,358.5,358.5,358.5,358.5,3270,28801,8636,7049,358.5,6515,711447
"160711-89","plasma",659010,19842094,4651622,4668,57876320,358.5,6127369,3963327,1002312,3672,4346,358.5,560181,358.5,9679,12269606,1723094,2726776,4028,4873,10921103,358.5,358.5,1280361,1999,9667531,65153,2651744,5061,358.5,3018952,4777,136910,12429,194533,358.5,358.5,358.5,534176,100421312,27375428,314999,358.5,290377,7424,914,346697,358.5,358.5,7831,1220,304722,358.5,19207,358.5,358.5,358.5,99419,4513303,358.5,4495,172314,1169,2539960,757375,2826830,60582,9426,147843,675542,358.5,497708,796,3054931,1346300,58484,103602,358.5,5014,11750,30096630,17543,495195072,3325,865701,437669,16943814,10765766,2150552,11555,1050255,5548,1433672,22598,29861,846760,358.5,122266,358.5,4340940,2062254,485236,594498,10803,21183,1737,1281595,644980,32269286,78617,358.5,103862,18076,533184,358.5,4531,358.5,588307,2050459,377686944,30688126,913097,358.5,151774,828146,358.5,12648,2968,358.5,3327,37059,10277,48632,358.5,6143,1771637
"160711-90","tumor",719052,18454850,2207080,358.5,31473620,8450,2949268,9708559,1344685,3721,358.5,358.5,592657,358.5,5900,7755743,1465746,4277596,3092,3883,7914454,358.5,358.5,40669,2055,7843541,5150,5308,358.5,358.5,1857899,358.5,9281,4850,12548,358.5,358.5,358.5,358.5,95984168,34868880,25221,358.5,61269,358.5,717,141400,358.5,358.5,11969,975,254162,4862,27069,358.5,358.5,6991,3913,2702639,358.5,6000,324912,358.5,184152,5878,11757,12697,358.5,184135,684890,358.5,2944,907,2765347,1254953,55025,10834,358.5,4813,14434,30192630,5061,116577184,8045,135582,4739,6155974,5207088,621495,358.5,661722,3105,133854,1126,15230,403968,358.5,2964,358.5,4058181,154562,553642,119912,18159,19637,1925,103172,754630,7979586,255894,358.5,44249,6145,33762,358.5,6410,358.5,14117,15276,352059296,16910,5709,358.5,44941,358.5,358.5,358.5,358.5,358.5,358.5,35253,4869,880,358.5,5512,217341
"160711-91","plasma",184985,17283106,1926756,2162,31496662,358.5,5939568,5958026,6567614,3290,5896,358.5,50694664,358.5,2122159,9336897,2681156,1973922,350754,9645,7911759,358.5,358.5,90167,358.5,7769544,6217,261914,400825,358.5,2528698,358.5,2990442,15360,6470,358.5,358.5,358.5,129254712,97876688,31400766,113315,358.5,90161,358.5,358.5,85914,358.5,358.5,16662,50343,247578,358.5,9328,358.5,358.5,358.5,5120,3857687,358.5,27122,253016,358.5,66127,50297,157247,23744,358.5,113475,1159155,358.5,31997,1691,2812203,2700897,85904,70861,358.5,7997,3486,28608786,221646,154196544,115337,359798,2731173,10285762,3664734,665189,358.5,1039790,1811725,418998,2611,41656,590261,358.5,165236,358.5,2378521,219095312,664714,1086413,7890,439945,2200,262264,4838974,12337605,862462,4315184,56779,6470,57749,358.5,3037912,358.5,66289,223020,357864064,3123765,226692,358.5,94298,45828128,358.5,358.5,358.5,358.5,358.5,29465,4537,640785,358.5,4598,533847
"160711-92","plasma",210595,16332054,4003890,7610154,14956179,228302,5605456,6425614,5756900,882290,9966796,379153,1882211,59213,3007700,10433493,86134184,18438902,520739,58454,79764568,1934205,543151,14531362,225857,32793656,793681,707661760,4734977,21931,1003866,50202,1775994,2610010112,15912937,16708,94054,3711871,63402400,114262736,1276271616,3021896,1819441,237482,360871,234479,43243228,1186648,4392636,7994092,1424579,199774944,955022,303747,92875,625655,120576568,63991008,182158512,11618,1372312,459071,417920,18314734,134792256,40381200,50180888,19679612,2400055,20431868,407190,1420184,332884,11042847,1910799,275784,3443644,6026,23427,1753,29071352,211945,7059002880,495198,125356296,8519411,1807005568,494355872,122302608,53370408,19093858,358.5,135031936,183574,16270362,131509840,738783,3204077,301583,242995856,302079168,3824904,873861,3663929,1355810,684717,61002844,3821216,23302216,4267482,10624,497920,1758139,93409160,287242,4550,12491050,27228504,496387712,451232608,1463716096,45793216,358.5,201339,85600368,1543511,17373534,4152501,11839143,15446,5862,1416067,8134443,358.5,547504,118727960
"160711-93","plasma",608014,10838577,5751334,2051997,29663994,623565,5962384,4871724,829172,4898,226052,358.5,4298284,358.5,692758,11054200,8605666,17491782,71185,24450,43695316,5327,358.5,5015860,70118,212941488,68638,590893,132417,358.5,3081740,308736,391964,20641,1603285,358.5,358.5,358.5,58354940,99438304,265747840,11670217,358.5,182650,35219,7349,65467,358.5,358.5,30872,1265,1914846,358.5,44072,358.5,358.5,545953,212154,16340258,358.5,25990,670869,358.5,73081920,709024,108279568,190429,38350,43539,8773443,358.5,703946,20971,10214166,1578001,1853396,423125,4107,182932,8241,30594944,1407873,4415304704,3071,19201502,1383669,160460240,45693380,14825845,688891,5356164,2886,2753000,108093,55512,14669336,358.5,102590,358.5,23562224,20196952,2704464,2417034,530488,657360,358.5,9543359,958039,16282999,477434,358.5,1862103,5357,883099,358.5,358.5,5092,5134928,63652860,737841088,317519968,24493214,358.5,570278,60624596,5340,358.5,358.5,358.5,4107,20858,291021,2590110,358.5,6235,37824372
"160711-94","plasma",295544,8289596,4410020,1927030,62426424,114494,5956722,5581995,1106842,3209,218080,358.5,3528019,358.5,5390,17529120,6031384,17469694,148694,8645,41037860,4430,358.5,5300962,100263,118917248,31400,337905,49188,358.5,3040910,249472,53919,6677,1742713,358.5,358.5,358.5,66129420,102281272,223690272,17010204,358.5,39397,26513,4391,22974,358.5,358.5,576841,129398,622365,358.5,8547,358.5,358.5,71678,86733,11103970,358.5,19453,441893,358.5,233471056,386973,181102224,116424,10141,16947,12000011,358.5,1070380,28709,11356303,1712227,2028883,204606,358.5,228606,1156,30120890,758147,3430380032,2660,16850422,1814256,60888444,24546272,10033600,312418,5062094,2891,2349376,95368,116426,7530496,358.5,200343,358.5,20540900,21955682,2404292,2607536,108832,858409,358.5,8918566,1099368,42922628,435725,358.5,5139756,2722,1416603,4151,4786,358.5,10292430,28144552,466387744,235550240,33090726,358.5,2671374,86779768,358.5,358.5,358.5,358.5,358.5,18598,55303,3141322,358.5,2828,33217624
"160711-95","plasma",164792,22029554,7115716,512531,43732820,9249,6234182,7819268,1779026,3521,7376,358.5,1454333,358.5,5795,11096416,3111680,9099654,21729,14093,13957702,358.5,358.5,1923934,7907,30756944,358.5,7058696,86216,358.5,2613903,358.5,120117,30508,768919,358.5,358.5,358.5,12317274,102270112,31242494,4571512,358.5,158519,5434,358.5,13922,358.5,358.5,16800,65236,333110,4766,52611,358.5,358.5,358.5,21620,4132466,358.5,5777,511788,1045,76929288,20590,62752472,8677,358.5,77989,4481942,358.5,506388,2291,5908791,1761782,364463,262988,358.5,35559,6829,30348248,128800,2039250944,3865,5646908,372278,15798659,5017036,4988683,4460,1731597,5950,1252113,42211,11739,3172585,6782,19120,358.5,7936894,6128516,610820,603779,25420,262301,1832,2927672,1545154,16694199,117192,358.5,1777606,2030,267163,358.5,358.5,358.5,2166641,6104342,371209536,47205472,7363548,358.5,113305,24493178,358.5,358.5,358.5,358.5,358.5,14204,18127,691727,358.5,4499,11218274
"160711-96","plasma",431040,16864180,6170678,2073,54423872,358.5,6298128,3601226,1184391,3758,6154,358.5,367596,358.5,10855,9832015,429036,1462553,2925,14305,7325274,358.5,358.5,192903,358.5,7412464,7864,181612,358.5,358.5,1711974,5215,4359,5616,25539,358.5,358.5,358.5,183401,98013736,16290571,106143,358.5,187447,358.5,358.5,113519,358.5,358.5,11515,855,181801,358.5,6265,358.5,358.5,358.5,19065,2821282,358.5,358.5,286415,900,2393942,8605,899521,3041,358.5,233690,801951,358.5,71307,1029,3061140,1821131,40830,44086,358.5,358.5,8439,28768560,6308,222530272,7719,465052,162157,9866850,10060882,675491,358.5,1051418,3802,234075,729,4025,231998,358.5,8065,358.5,4294227,348360,566036,713003,18315,38668,358.5,294358,1476520,8876729,104007,358.5,180589,3485,39163,358.5,5576,358.5,69792,182335,357024864,896283,118039,358.5,37115,379174,358.5,358.5,358.5,358.5,358.5,47431,2077,5550,358.5,2679,471468
