"","Label","Pyruvate","Alanine.Sacrosine","Lactate","X2.Oxobutanoate","Acetoacetate","X3.Hydroxybutyric.acid","Serine","Glycerate","Uracil","Proline","Maleic.acid","Fumarate","X2.Keto.isovalerate","Acetyl.glycine","Valine.5.Aminopentanoic.acid","Succinate.Methylmalonic.acid","Threonine.Homoserine","Cysteine","Nicotinate","Taurine","Pyroglutamic.acid","Pipecolic.Acid","Citraconic.acid","Ketoleucine","Hydroxyproline.Aminolevulinate","N.Acetyl.L.alanine","Leucine.Isoleucine","Asparagine","Hydroxyisocaproic.acid","Ornithine","Malate","Homocysteine.Methylcysteine","Anthranilate","Acetylphosphate","Alpha.ketoglutarate","Glutamine","Lysine","X2.Oxo.4.methylthiobutanoate","Methionine","Ribose","X3.Methylphenylacetic.acid","Xanthine","Hydroxyphenylacetic.acid","X2.3.Dihydroxybenzoic.acid","Histidine","X2.Aminooctanoic.acid","Indole.3.carboxylic.acid","Phenylpyruvate","Phenylalanine","Phenyllactic.acid","Quinolinate","Phosphoenolpyruvate","Uric.acid","Dihydroxy.acetone.phosphate","Glyceraldehdye.3.phosphate","sn.Glycerol.3.phosphate","Aconitate","N.Acetyl.L.ornithine","Arginine","Acetyl.aspartate","Citrulline","Ascorbic.acid","N.Carbamoyl.L.aspartate","Allantoate","X2.Isopropylmalic.acid","Glucono._.lactone","Hydroxyphenylpyruvate","Glucose","X4.Pyridoxic.acid","X3.Phospho.serine","X3.Phosphoglycerate","N.Acetyl.glutamine","Acetyllysine","Kynurenic.acid","N.Acetyl.glutamate","Citrate.isocitrate","X2.Keto.D.gluconate","Erythrose.4.phosphate","Tryptophan","Xanthurenic.acid","Glucarate","Deoxyribose.phosphate","Pantothenate","Cystathionine","Deoxyuridine","Ribulose.5.phosphate","Ribose.5.phosphate","Pro.Asp..PD.","Val.Asp..VD.","Uridine","Leu.Asp..LD.","Glucosamine.1.6.phosphate","Glucose.1.6.phosphate","Fructose.6.phosphate","Inosine","X6.Phospho.D.gluconate","Chlorpropamide","Pantetheine","Xanthosine","D.Sedoheptulose.1.7.phosphate","S.Methyl.5..thioadenosine","X4.Phosphopantothenate","N.Acetyl.glucosamine.1.6.phosphate","dCMP","Glutathione","dTMP","CMP","UMP","Cyclic.AMP","dAMP","Fructose.1.6.bisphosphate","Trehalose.Sucrose","AMP","IMP","GMP","Xanthosine.5.phosphate","Sedoheptoluse.bisphosphate","Riboflavin","S.Adenosyl.L.homocysteine","Octoluse.bisphosphate","CDP","UDP","Trehalose.6.Phosphate","ADP","GDP","CDP.ethanolamine","FMN","X5.Methyl.THF","UTP","CDP.choline","UDP.D.glucose","UDP.D.glucuronate","ADP.D.glucose","UDP.N.acetyl.glucosamine","Glutathione.disulfide","FAD"
"160711-19","plasmaD21",84513024,46745984,8542025216,5437295,10659401,5895640,79253168,48858116,6778,58486876,135571904,98215104,25650326,24579154,167572112,2106973952,253951888,358.5,33922836,1658517504,999423,3065882,110330448,31822990,3039500,14827589,61221020,17227468,35180004,622490,539413120,203251,3636616,302184,1922518784,951928576,9075857,9941,82845240,27560196,2210750,1159050,5482963,3790096,7376848,12248840,1159310,26353008,205459824,8531026,164322,26739,388129792,3765900,40539,92333320,149525936,662435,4836086,44603640,100103888,44636,747611,530364,7543356,303782,30593830,1255356800,16381430,4953,358.5,3346,726048,4667830,26990262,20066674,12879131,3934,253839776,1136516,519895,11996,119698856,515009,1585962,8886264,21888,28323,2913,26599544,1127492,358.5,1454198,405522,13921,355461,432975360,358.5,1209799,133868,358.5,358.5,1545822,3144,1010215,4933,15863,9064,137885,358.5,358.5,13675754,4424,358.5,358.5,358.5,358.5,358.5,1807,358.5,358.5,358.5,358.5,358.5,358.5,358.5,358.5,358.5,358.5,358.5,358.5,358.5,358.5,358.5,4498,358.5
"160711-23","plasmaD21",61720264,19019616,4170826752,4996556,14260059,6255776,39993528,37670468,21201,30120862,25589024,32967594,61260412,56553600,167043280,834510592,184869760,1297,20112516,865344128,2483008,3070647,108713232,31451976,2392079,11873318,80544840,11574032,26343376,170800,68682592,186767,3041292,59510,682061632,686142272,8527865,1217391,86990192,17499136,733571,18984212,2120179,2124440,5426230,9179498,469249,6644398,156715232,4588798,158836,82525,209831424,461160,4365,27890002,88156928,1182323,3056710,22663878,63336748,298574,252350,694140,5287033,867434,13163159,778937344,11150204,3249,5590,4087,1072095,1983327,15349334,32351992,5438828,24479,216864320,324625,10623,8466,54511476,76376,1989859,185131,84976,9133,5820,17700236,35363,1532,216095,68807,18137,6135,426228704,3065,677879,8496,14792,358.5,429384,358.5,407552,4141,358.5,3719,110500,358.5,358.5,1348448,4846,358.5,358.5,358.5,4589,358.5,358.5,358.5,358.5,358.5,358.5,358.5,358.5,358.5,5685,358.5,358.5,358.5,358.5,358.5,358.5,358.5,358.5,358.5
"160711-35","plasmaD21",88567744,21984040,5020591104,9743678,14106695,6969290,63051680,40986780,32015,32280792,75745744,34461372,11183157,52946136,127942120,906055872,211363088,3159,15513447,803016000,2934430,2768458,130081152,32574966,2651350,11208784,56544464,15208050,25106052,332539,278655712,636027,3263186,142844,991974080,880067200,11104839,204618,63574064,25631194,2689297,93199320,2099691,2800946,6589005,15105625,747444,7170670,116860920,4112332,347047,438452,297030176,2341265,119904,63454032,169884128,354405,3897978,26917704,79237616,111425,673793,909124,7160998,594804,9860589,1146857344,9987120,4209,538266,3288,707868,2813376,12765104,973811072,10390742,19629,235742720,583214,179942,24440,70358824,427551,1409091,1673317,34093,12034,2657,24711872,47869,358.5,833827,529871,17343,272167,397937920,4099,1135703,18659,358.5,6977,938754,358.5,316880,4850,85635,3378,171830,5316,573985,6357912,5201,358.5,358.5,358.5,8136,358.5,3840,358.5,358.5,5781,358.5,41404,358.5,358.5,6272,358.5,358.5,358.5,358.5,358.5,358.5,358.5,49714,358.5
"160711-37","plasmaD21",81155880,10145166,4709509120,5135156,7083714,6168580,20270572,30101804,31945,21862308,52993880,27656634,72019808,52677476,89686560,857210112,84219960,21325,26739716,697952000,1351162,3414436,105608512,30436866,1182346,8797633,52113708,5699029,26632230,146466,179370656,162932,2802674,146388,725094976,813277504,7047370,151240,48219068,12658131,892144,1612094,2297410,2128428,5106114,15745418,459343,4159966,102137024,5106564,536983,163273,185940560,1354044,48688,50614016,131092072,562868,1937154,19331258,51800008,25358,342876,548824,6967508,490482,6669759,573287168,10477985,4795,256039,2965,655820,1135707,9793376,696860416,6987121,64320,177927872,206843,74889,9439,53074348,104891,616809,806669,21157,10712,2509,13560550,9379,1396,697956,202172,2813,5750,399457472,358.5,479371,13374,358.5,15592,312626,358.5,530041,358.5,18434,13927,252743,358.5,612938,1224471,3928,358.5,358.5,358.5,358.5,358.5,7007,358.5,358.5,358.5,358.5,19920,358.5,358.5,358.5,6460,358.5,358.5,358.5,358.5,358.5,358.5,13868,358.5
"160711-39","plasmaD21",156510160,45231512,8166601216,12563152,14549456,5178108,89157024,39350236,32706,45739832,132972200,64135768,64888912,46930540,217835264,1612980352,330802400,21601,34619400,1455443456,4604354,2648228,111387176,31981904,3347775,13996244,106307744,27154026,28594664,422077,543643200,391816,3503714,52592,966287744,1015838656,12907544,464598,101632816,29410824,1275500,4455218,3910719,521871,8617911,6801739,780891,16935240,209259248,6049022,2485805,509801,575789056,5911202,36808,89028336,211452656,471319,4893976,32236814,92250216,3262649,540556,366324,7467332,474538,22754838,1368363264,14951552,3684,92547,3314,917286,5717494,18735512,1206873600,11434318,28028,247089040,1160133,66045,117442,77495640,276716,1903507,2049917,124914,6330,4231,24900320,23819,358.5,815789,238201,20874,5601,398248896,358.5,1151612,4255,4572,5967,1632563,3221,882959,358.5,9701,3851,64911,358.5,75871,3748795,9007,358.5,358.5,358.5,358.5,5848,2602,358.5,358.5,358.5,358.5,5209,358.5,358.5,6371,358.5,358.5,358.5,358.5,358.5,358.5,358.5,140611,3222
"160711-43","plasmaD21",91875296,20207000,4303791616,15115297,13932381,6659159,52438372,42759940,13952,27946122,81085608,39615992,28965722,56811688,135089392,930459264,167073648,19256,38005096,1053774912,2021099,3235559,110791112,31201384,2257587,9433816,62783332,13009315,28688450,329744,310357344,360445,3993774,18805,1226575488,739976640,6987012,233790,60981936,21639532,1657106,99432408,3408133,2002501,5188294,28199236,740283,9480393,129940032,5721590,1611377,715604,202152016,8724116,22308,50058972,209217520,770596,4142657,30296550,74112312,52582,645757,635461,3119874,876671,11965036,933596288,14496024,7387,595752,3382,585074,7334476,16701893,1412505088,9033548,54769,239125792,1726412,46132,198487,66749652,343399,1351223,6312028,22536,3450,3519,24171472,63955,4831,1236952,296400,12029,259279,407117824,358.5,1021122,157002,358.5,358.5,1361896,7349,1554447,358.5,135754,4019,117753,358.5,52341,1377112,4040,3511,4722,358.5,358.5,358.5,27605,358.5,358.5,358.5,358.5,358.5,358.5,3025,9214,358.5,358.5,358.5,358.5,358.5,358.5,358.5,210005,358.5
"160711-49","plasmaD21",68103584,34754732,4123535104,5795290,13842074,7320558,67687432,36244244,24279,47879640,66630900,33733700,66947084,59721916,212643040,986287552,218186896,2624,22517808,1165809536,6414802,3664984,105793600,30860262,2676453,12199257,118966888,21590210,34924736,679667,250822064,495271,3888203,30872,636362112,943001536,14267390,585402,129906512,14592977,1126897,3241018,1230489,69348,9842524,19740046,1120319,6841646,194595888,6384985,1016618,319674,267934368,4129721,48179,53454848,172069216,755393,6497446,25503348,80374792,49828,416903,1285713,7369062,329850,5426443,684164480,11147942,3910,260304,14183,918915,3090904,14008351,977442688,9039412,31300,203881680,555580,1015383,524603,68043080,169333,2215517,1426635,54081,9594,2928,35071488,60596,358.5,598824,93214,16604,272490,381892768,3475,307204,25242,4770,358.5,1155031,358.5,339846,358.5,35162,4494,129118,358.5,508908,1870664,185090,358.5,358.5,358.5,5288,358.5,7008,358.5,358.5,358.5,358.5,7051,358.5,358.5,9296,358.5,358.5,358.5,358.5,358.5,358.5,358.5,32612,358.5
"160711-52","plasmaD21",85193560,13791124,4320258560,6289922,13230333,6794399,24107526,39676572,17298,29199152,153738960,59620948,61708460,86833944,146254368,1231675264,103563360,15633,57689796,992614080,2211013,3642148,111885232,30283082,1555586,13099878,76601992,6718078,32830914,157763,617832320,292205,3354697,41729,1660687360,857188288,6875986,174515,54158068,9794868,5031438,15329091,1570247,19036,6416526,18176286,843812,6693160,168949728,5695100,2060910,697095,293973184,7049742,62588,56309872,217897376,341542,3502470,38053320,56688952,45050,530625,905765,2792239,488236,11332206,393026784,19413400,4651,265634,13186,701358,3310712,17766040,1510067584,12032802,31795,215029328,966023,720988,413176,66137872,494200,1364757,2772958,14718,10693,2804,26828714,40165,358.5,1045765,158795,12425,4531,384910304,358.5,373540,148391,5125,5592,1668309,4644,873966,5707,257588,5635,98248,4548,332752,1802865,4642,358.5,36867,358.5,7404,4701,3427,358.5,358.5,358.5,358.5,6947,358.5,3176,21928,358.5,358.5,358.5,358.5,358.5,358.5,13575,231689,358.5
"160711-58","plasmaD21",113799600,38758608,4634356736,5773764,14702687,7918168,83583200,44100860,49652,42441748,62086712,28413348,38938228,52547712,225078256,937584064,251799920,14726,28738306,1101546624,2424756,1577961,113348400,30867800,3045184,13103558,111979552,26519952,31622676,723565,228003872,449139,3366465,41498,698101888,1119172608,12485299,220522,123116280,22859344,1277545,175794864,1692853,2430324,11479258,22403176,822550,10077563,247100080,5523368,2318172,868155,330452320,6821606,37059,77243872,144163728,708843,5949072,26380858,94204712,16539,626882,2057368,2606874,449001,5636700,1024810496,14629319,14137,451256,3579,919359,2846790,15930502,1229305088,11080684,18002,249220592,487816,2176332,154595,74729296,191479,2538325,1600649,2864,9367,6276,37369532,71861,2284,610527,264874,42807,294721,397274624,358.5,1565026,18047,4827,9416,931667,358.5,171974,4216,24746,3670,137691,358.5,284986,1701436,739421,358.5,4113,358.5,358.5,358.5,358.5,358.5,5906,358.5,358.5,5151,358.5,358.5,358.5,358.5,358.5,358.5,358.5,358.5,358.5,358.5,120760,358.5
"160711-67","plasmaD21",75219480,14907344,7362744320,5065952,17356432,8052114,26185732,23769674,17016,16205915,61807044,24764854,31084546,23828884,85757040,950749248,96214808,57539,30558744,688774144,2922350,1267245,101606912,31502408,796706,5050827,33789984,4416686,18079782,197259,219093936,46938,3484749,4917,539225664,328177728,6229284,55958,28588344,12114491,1152260,2137482,1618745,558192,3741153,32522524,510790,6039689,70121080,3444038,735524,760650,230248,3000681,15066,60027236,138251056,123107,2234684,17595986,38796728,7041,322608,268620,6462656,598931,5450136,559184320,9285758,4722,379764,3084,427088,2204925,11528088,672213376,5966024,15793,188328080,467643,41600,5545,58580128,145422,417287,1376979,10259,2046,6262,6565200,23156,358.5,1579350,82396,6153,501709,381465120,358.5,650947,68698,358.5,5888,1598201,358.5,587892,358.5,10279,59654,286335,358.5,5494,1483355,250673,358.5,16898,358.5,358.5,358.5,2906,358.5,358.5,358.5,358.5,358.5,358.5,358.5,358.5,358.5,358.5,358.5,358.5,358.5,358.5,358.5,236723,358.5
"160711-68","plasmaD21",162860064,54058036,8483347968,6155428,14430195,7601276,109226992,41966456,3598,55738956,192451184,75529696,34993188,23099840,199701568,1918210048,338977856,25931,28962170,1880126208,834938,3129979,99707800,31698384,3586828,12623467,90219040,35822740,24651468,698117,782907584,307586,3863988,6968,1363536256,1013247488,13151762,436700,127721832,27913838,1090703,111829016,1589007,48599,8064166,26266534,932506,15574639,233678416,5405663,1254608,1212565,476850496,8561142,7378,129062960,398483776,612236,5935197,38691528,123211088,8370,614585,582131,7342426,835682,16873746,1295779968,12013872,8027,877812,2837,875787,2827299,23939656,2103539200,13376642,8580,257443824,473982,441199,6067,87558792,942142,1909139,7161854,27190,15671,2558,21720884,124714,358.5,2385354,251949,19353,5598,381706944,358.5,2315685,170567,358.5,6817,3611893,4249,322814,358.5,7090,3309,110806,358.5,18420,6514052,253472,358.5,3534,358.5,358.5,5549,1940,358.5,358.5,358.5,358.5,4493,358.5,358.5,7675,358.5,358.5,358.5,358.5,358.5,358.5,358.5,441172,358.5
"160711-72","plasmaD21",116877480,22863494,5998308864,6803108,7312487,10632164,32790978,41618236,8601,33291474,76203088,41839340,65074584,62394420,148965248,940201152,149799648,6446,49938800,986547904,3780667,2978094,111109904,32031792,2307419,13868674,89365168,10156004,29769594,434532,287847296,286067,3411482,11133,950231424,640632384,8626691,512885,80254048,15678532,5770490,316757056,2626564,1287467,5804066,10135154,796983,6525782,162054320,4950281,1207862,664633,377172224,6290880,16285,113172336,193699312,604107,3366994,30764228,58564456,16905,663988,782275,7430772,1127423,7656162,512681440,11899233,3980,157277,2623,769966,1712986,20928678,1269391744,9921086,33502,211867728,280750,2769242,488280,76620776,186409,1334825,5211440,17082,9401,7768,16937438,52353,4532,2358852,1010374,1720,379865,381082720,358.5,6855568,489061,4271,14463,1586709,3316,640208,8950,54103,3457,316907,358.5,438169,858582,493119,68245,5664,358.5,13369,358.5,4187,358.5,358.5,358.5,358.5,5176,358.5,358.5,358.5,358.5,358.5,358.5,7683,358.5,358.5,59414,71155,358.5
"160711-73","plasmaD21",134746032,21514692,4098537216,5826409,13937147,8051279,68383824,48833920,5769,34788688,82255528,32679026,56047104,48532204,167503680,943249664,253709392,5750,21322000,871109696,1997180,2791756,108992200,30002706,2013864,11397921,79682824,12450006,32982784,288752,321839776,336910,3735468,4012,1196527360,894472000,14138310,130398,75737080,22528872,1945961,137593744,1784494,1477981,8343026,16249425,864680,9984234,190856992,5304322,1550029,1095467,396599360,9933101,25166,92645432,218807808,147636,4804086,26298978,83972208,2909,597550,871168,2607898,538506,10316181,973652416,12103745,10803,979256,3344,854393,3342486,16900130,1709605376,12611171,9719,236787600,797027,344866,12700,70570040,769686,1625355,3446014,21597,6482,11211,19883248,81067,358.5,1147470,266637,5716,6000,374952256,358.5,1875711,77238,4400,7466,1094657,358.5,1056442,358.5,46330,3242,133759,358.5,17371,4036934,247677,358.5,10471,358.5,358.5,358.5,2494,358.5,358.5,358.5,358.5,358.5,358.5,358.5,9916,358.5,358.5,358.5,5347,3544,358.5,8624,43112,358.5
"160711-74","plasmaD21",110157616,18693382,7173670912,5689786,13014056,8069954,23407612,47039028,8335,31474546,209550912,74146416,21057628,70859864,179876304,1607792384,76230840,25006,133372624,1207530112,6756397,3100342,109375472,30320282,729542,11977816,91670528,3426723,30712992,398500,858579008,150236,4112159,3581,1214732544,390873920,7889002,193209,47681544,4706086,1952229,94982552,2305483,321582,5390059,23865108,1173131,12207134,145516464,7063087,7064312,10621232,473145152,15168530,49725,132022896,255482896,483245,6572977,39122376,39374316,7508,1099395,1081471,10560098,978780,13245026,140434768,20106752,39514,10270486,3358,547197,6075286,28084342,2094454144,13784202,9154,209467184,1545228,104631,616193,78413552,271597,889220,18492892,6819,68422,21209,21910984,34476,2370,4059143,946542,12286,369770,384639552,358.5,1659380,2028127,358.5,15970,2857642,16424,2117604,76739,528588,23981,169671,23776,184391,6585042,8510049,14480,745722,358.5,358.5,15277,140290,358.5,358.5,358.5,358.5,358.5,358.5,24137,7898,358.5,358.5,358.5,135007,358.5,358.5,131224,795005,2824
"160711-84","plasmaD21",12915554,14342251,3598688512,6381142,17282032,3484074,34423592,1191084,52138,16477305,40211184,17219898,45467980,21456668,68413864,572461888,102065992,1544,9278047,437124640,1363349,551477,101738904,30247892,1474667,4760735,102956784,11278850,12257735,151808,138686560,148180,3110238,31744,372172288,503257120,4305655,176216,19084266,12662305,1324327,8027482,1139446,444086,2784435,23212958,211292,2776695,59118896,2282553,482363,129606,179168,639356,16297,45810832,67295104,13737,1227824,11187364,41984356,2086,131986,16793,3098842,2071297,3021977,587357056,5374588,10187,219664,8082,304810,741668,7158340,636060160,1994026,72907,197607504,33085,634949,187699,27964448,247019,27983,390863,75406,358.5,14476,2850822,5968,358.5,813918,109020,1547152,657397,129205480,358.5,489533,2024,358.5,358.5,409919,358.5,83297,358.5,11703,3459,211607,358.5,482321,861362,51151,358.5,3848,358.5,5815,358.5,358.5,358.5,358.5,358.5,358.5,29162,358.5,358.5,358.5,358.5,358.5,358.5,358.5,3039,358.5,358.5,13861,358.5
"160711-86","plasmaD21",76751632,11768561,3801950976,2881680,13559731,7437522,32583414,38811700,24454,22802142,91239648,36442268,56093728,67809016,134848128,920261952,151346720,12213,14079712,669155840,910327,2668039,105005528,31619652,1207545,9420702,68908408,9127358,28592346,212673,346188960,199631,3682161,9470,963501568,627723520,7467908,164087,42126908,13598598,2083519,1524440,2451126,1309355,5362720,12597411,557512,7359186,125949328,5514223,3357322,204984,171058208,1338104,10856,34877440,121004400,459313,2890145,24742848,53413644,14473,398462,1365156,2847081,1107952,9979573,589533248,12519100,4315,164210,2908,484376,4169729,12226492,859673600,8513450,44865,221265152,1093092,1083860,121415,62285748,66632,842062,698099,13363,2147,2483,15667201,34053,358.5,578570,54028,11579,5555,313639968,358.5,389008,8913,358.5,44076,718744,3411,112224,4650,14953,3366,227239,358.5,115686,1821668,176157,358.5,4187,358.5,358.5,358.5,2345,358.5,358.5,358.5,358.5,4371,358.5,358.5,4542,358.5,358.5,3078,358.5,358.5,358.5,358.5,103332,358.5
"160711-94","plasmaD21",42922628,5300962,3430380032,5956722,17529120,5581995,10292430,12000011,18598,8918566,24546272,11103970,62426424,17469694,33217624,466387744,33090726,4391,7530496,235550240,1099368,858409,102281272,30120890,204606,2349376,16850422,1742713,11356303,200343,60888444,28709,3040910,8645,118917248,181102224,1814256,114494,10033600,5139756,1106842,337905,1712227,295544,1070380,8289596,228606,2607536,21955682,2404292,435725,108832,55303,622365,16947,28144552,41037860,95368,53919,6031384,17010204,6677,116426,100263,4410020,441893,2028883,233471056,3528019,3209,218080,2891,148694,758147,5062094,223690272,1927030,8547,86779768,249472,19453,576841,20540900,26513,129398,1416603,2722,358.5,2828,3141322,2660,358.5,386973,86733,1156,5390,66129420,358.5,49188,22974,4786,358.5,312418,358.5,116424,358.5,358.5,358.5,39397,358.5,71678,2671374,31400,358.5,358.5,358.5,358.5,358.5,4151,358.5,358.5,358.5,358.5,4430,358.5,358.5,358.5,358.5,358.5,358.5,358.5,358.5,358.5,358.5,10141,358.5
"160711-95","plasmaD21",16694199,1923934,2039250944,6234182,11096416,7819268,2166641,4481942,14204,2927672,5017036,4132466,43732820,9099654,11218274,371209536,7363548,358.5,3172585,47205472,1545154,262301,102270112,30348248,262988,1252113,5646908,768919,5908791,19120,15798659,2291,2613903,14093,30756944,62752472,372278,9249,4988683,1777606,1779026,7058696,1761782,164792,506388,22029554,35559,603779,6128516,610820,117192,25420,18127,333110,77989,6104342,13957702,42211,120117,3111680,4571512,30508,11739,7907,7115716,511788,364463,76929288,1454333,3521,7376,5950,21729,128800,1731597,31242494,512531,52611,24493178,358.5,5777,16800,7936894,5434,65236,267163,2030,1832,4499,691727,3865,1045,20590,21620,6829,5795,12317274,358.5,86216,13922,358.5,358.5,4460,358.5,8677,4766,358.5,358.5,158519,358.5,358.5,113305,358.5,358.5,358.5,358.5,358.5,358.5,358.5,6782,358.5,358.5,358.5,358.5,358.5,358.5,358.5,358.5,358.5,358.5,358.5,358.5,358.5,358.5,358.5,358.5
"160711-96","plasmaD21",8876729,192903,222530272,6298128,9832015,3601226,69792,801951,47431,294358,10060882,2821282,54423872,1462553,471468,357024864,118039,358.5,231998,896283,1476520,38668,98013736,28768560,44086,234075,465052,25539,3061140,8065,9866850,1029,1711974,14305,7412464,899521,162157,358.5,675491,180589,1184391,181612,1821131,431040,71307,16864180,358.5,713003,348360,566036,104007,18315,2077,181801,233690,182335,7325274,729,4359,429036,106143,5616,4025,358.5,6170678,286415,40830,2393942,367596,3758,6154,3802,2925,6308,1051418,16290571,2073,6265,379174,5215,358.5,11515,4294227,358.5,855,39163,3485,358.5,2679,5550,7719,900,8605,19065,8439,10855,183401,358.5,358.5,113519,5576,358.5,358.5,358.5,3041,358.5,358.5,358.5,187447,358.5,358.5,37115,7864,358.5,358.5,358.5,358.5,358.5,358.5,358.5,358.5,358.5,358.5,358.5,358.5,358.5,358.5,358.5,358.5,358.5,358.5,358.5,358.5,358.5,358.5,358.5
"160711-10","plasmaD35",14810392,44723732,12073554944,10646081,16739998,7536350,69705168,42946288,2803,44374428,3183850,86813680,68546296,43599324,145046064,2270354176,213077136,14437,18497304,1656165248,351836480,1377621,17386034,32820720,1856574,16099454,67095456,18020530,46394588,396064,421958112,283141,3283778,11487,1314026880,1198215808,7608862,309174,61628532,26836648,1374511,7081122,1469518,3846273,8118330,12513726,1010371,17784882,160795120,9041785,95296,77895,643362688,57112,19571,73558344,290216320,747093,4575370,48096840,72866832,133146,12811,1137891,6930234,372286,14401286,1221374080,18407202,4172,358.5,3708,814085,4490245,25872206,9802930,12136778,13727,240084784,741741,6388,110847,212884384,65455,2070524,7956927,53946,8518,3130,29668602,12087,358.5,2082273,215636,18333,6256,439773952,358.5,1130736,145187,358.5,358.5,1907182,3140,301944,5046,4190,173271,80844,358.5,358.5,2140351,5487,358.5,358.5,358.5,358.5,14702,358.5,358.5,358.5,358.5,358.5,358.5,358.5,7415,5608,358.5,358.5,358.5,13901,358.5,358.5,24512,358.5,358.5
"160711-11","plasmaD35",8691014,30816538,6578067968,5618612,18420442,8198486,54817068,39572340,3229,35308292,1601817,1812449,41267580,48924496,143302656,974636864,196206480,358.5,20899260,1177293056,1407072,2763235,113549448,33365190,4406814,15234693,73822360,14900359,42739436,630840,874581,320096,3046931,4767,596566080,868289664,8643399,686412,78400112,23339934,1205541,211256016,1694410,3349092,8069656,17180788,1103409,9945702,173497408,311936,734772,13270,343968864,174392,6646,49301292,87978376,327779,2105774,21226100,72164128,132851,5631,482103,5924546,869822,9940805,1024015936,13863668,3531,4329,8327,939948,3195064,14127717,5153902,9805371,6216,222360048,950368,5543,20314,76011696,671571,2620750,464919,178408,3930,6598,31176438,20780,358.5,168613,39980,8339,4660,457321024,358.5,3121794,358.5,358.5,358.5,414519,358.5,475085,358.5,358.5,7425,60796,358.5,358.5,1705187,5322,358.5,358.5,358.5,358.5,358.5,2261,358.5,358.5,358.5,358.5,358.5,358.5,358.5,358.5,358.5,358.5,358.5,358.5,358.5,358.5,358.5,358.5,358.5
"160711-12","plasmaD35",12747907,35046832,8593088512,15683455,9523470,1358615,59991468,39889696,2569,44331516,868653,44231844,27823140,46864148,134840592,1328039040,221380208,7493,21969670,1412256896,464871616,2591274,9924739,34787612,2340851,13702969,81277408,16421506,44918936,280588,337299,351583,2752022,3861,798257792,870298752,9954965,259516,88987600,23422376,1219882,51526236,2486048,3023144,8061270,9650731,1290228,8768898,164342992,8161370,145250,76077,413207072,242719,10412,164503664,205228576,633341,5812274,33284620,71449888,79760,13074,775008,7454927,1460075,6790816,1093172736,12729037,8060,358.5,2768,879101,3673235,15936548,7706162,13391322,22226,242786048,725826,3840,34614,119626320,299776,2232012,3441764,142321,3290,8722,31905904,7985,2564,2181026,194395,15464,196389,446199104,358.5,3613655,152828,358.5,358.5,2302540,3528,351593,5568,6776,28301,57243,358.5,358.5,6388730,358.5,358.5,358.5,358.5,358.5,358.5,3356,358.5,358.5,358.5,358.5,358.5,358.5,358.5,358.5,358.5,4096,358.5,358.5,358.5,358.5,358.5,358.5,358.5
"160711-13","plasmaD35",65063408,38036180,10011902976,10057061,10144942,7073414,45277068,33207682,2805,35176800,2578449,2746783,30228130,38403040,129539472,2275722240,179012592,24388,32958144,1816129408,5719646,1755858,113521800,33980588,1268781,13869261,64432484,14687002,28901116,216543,417703,161836,3091628,5978,637308736,816618432,7817500,2542258,79904248,18141950,615104,2792936,2959011,3508148,5270970,14180294,696067,13441215,135146864,7120064,667259,33373,2845945,147227,5758,99451936,113523616,527219,4449775,27925478,48792692,179986,5896,712106,6312084,876852,12045674,849088640,15143349,5604,358.5,5850,801666,3203698,17296358,9124919,7221597,6331,210300880,499758,4636,330578,90937136,56118,1170981,10477934,44786,8133,4986,19281048,4282,358.5,1704231,259095,33849,6930,447784320,2913,990552,180219,4433,358.5,1984398,2966,632519,358.5,16393,32626,88672,358.5,358.5,3766204,5196,358.5,358.5,358.5,358.5,358.5,84302,358.5,358.5,358.5,358.5,358.5,358.5,3295,358.5,358.5,358.5,358.5,6119,358.5,358.5,9252,358.5,358.5
"160711-14","plasmaD35",23373694,31965862,6372692480,5690186,16944728,6096658,41869280,38645304,7885,31101368,6914617,36195092,32333654,42113468,132242824,1074180864,174189776,16708,33997832,1530414464,1520094,2493228,110650840,33085082,2674860,15593307,66489988,15517961,26531068,343997,463668,306458,3051005,3450,564406272,784807296,8708209,929123,72749296,20318348,2057559,2086484,1660647,2653434,6276835,27038160,594335,11596159,141304544,6076494,260713,31069,116923456,468872,9769,64078996,109689976,445305,3814574,25458742,70320160,216720,4389,1766707,6046352,1159596,18892358,976553600,11844872,4053,358.5,14741,1003779,1841381,18711868,8500712,9243288,20397,237271616,299479,4411,8170,85428992,350557,1835444,1616832,126840,9278,8836,21948834,9605,358.5,381158,73713,17869,5474,437590176,2787,686468,358.5,4875,358.5,1435747,358.5,826410,358.5,3018,4154,111347,358.5,358.5,1331671,4667,358.5,358.5,358.5,358.5,358.5,41690,358.5,358.5,358.5,358.5,358.5,358.5,358.5,358.5,358.5,358.5,358.5,358.5,358.5,358.5,358.5,358.5,358.5
"160711-16","plasmaD35",75737760,24899938,9176437760,16039393,7193706,8659664,32643666,39540644,2271,24432512,71257568,87472240,47511792,43096280,90020472,1896160512,113557096,4895,34547800,1639342336,1966032,1349142,114766016,32173776,1406775,12655784,46974952,9863309,31856842,77849,268026144,205956,2485526,3561,1037853248,788641344,5640838,231229,37978192,20125036,1232054,9541969,2568381,2845790,5515465,15396453,512525,11517162,113830512,7329612,85041,68032,342417920,1143036,26838,117258680,249109808,1137122,3224150,34614000,43771724,164349,12427,1108515,3080702,721113,9663373,939552704,14814504,9013,10327,4035,687480,2670526,18205384,9460363,11644530,7289,184450784,473661,5458,39260,112983920,67353,1177065,14798302,206459,5073,3366,24717528,6780,358.5,3612460,202078,12629,5379,434429632,358.5,1514184,454800,5428,358.5,2280642,2958,741222,358.5,117318,38656,167993,358.5,358.5,2897014,358.5,358.5,358.5,358.5,358.5,358.5,30323,358.5,358.5,358.5,358.5,358.5,358.5,18686,358.5,358.5,358.5,358.5,33489,358.5,358.5,88220,358.5,358.5
"160711-21","plasmaD35",13696213,39723280,9429581824,4146718,17649324,4548440,46071308,25098952,9076,54302532,45439192,37971904,34984748,10609057,197805024,1325848192,210259584,358.5,41220044,935711680,947738,1744120,109520544,31503072,1734360,13766218,82507544,11388657,31188910,430047,147150144,187867,3395118,53097,492701248,744395904,8699360,545185,85252264,16705237,1764275,1954189,1618754,848270,8133570,30322654,645689,7317606,168742128,8470568,412986,58752,227421488,2417458,47140,124478320,195900048,870178,3500918,19398506,81738016,39191,814088,662244,7591868,364088,8304280,747348224,13362695,4487,8339,3410,758304,1989517,14706968,80393768,8024362,16517,181821408,253482,49150,158957,80973112,381433,2169806,2979140,7302,5551,2784,23971756,50077,358.5,1049562,281265,4856,11030,432520704,358.5,3069101,6674,6528,358.5,1036412,3077,925269,4295,31062,9859,190733,358.5,358.5,1393723,3932,3943,358.5,358.5,358.5,358.5,14384,358.5,358.5,358.5,358.5,358.5,358.5,358.5,358.5,358.5,358.5,358.5,358.5,358.5,358.5,358.5,358.5,358.5
"160711-22","plasmaD35",90691520,30548542,10773572608,4846658,15858977,7233804,47854056,19618958,6781,40265632,160004864,108112184,66658404,34386320,199325696,2605801216,171372752,3920,42588648,1663565824,4133300,1923749,112549056,31210346,1008088,11983463,99311896,12608682,37040464,322002,635170880,116192,3661028,32855,1302087296,889931776,7622315,11939,64257596,22416482,580174,2598368,1640831,831997,9175651,9969508,1395834,13916669,191567792,23523000,288285,60585,534056448,6553999,46409,159899184,186943648,1235714,3961833,39292176,63319068,13642,921782,360856,6150856,322916,12160820,1056384256,19450972,4306,8741,3739,741514,3761396,24035140,51640144,13435826,8725,211383648,719275,11393,20044,126047944,65110,985273,2700617,33491,22611,6409,21962842,95356,358.5,1515963,306344,9246,6079,429036992,358.5,3431318,180975,4425,358.5,1757380,358.5,928403,5278,42532,5544,93317,358.5,358.5,33889912,138419,358.5,358.5,358.5,358.5,4135,3762,358.5,358.5,358.5,358.5,358.5,358.5,358.5,7513,358.5,358.5,358.5,358.5,358.5,358.5,4645,23023,358.5
"160711-27","plasmaD35",16140733,57394052,7908308992,3361650,15380071,6795486,78682304,57320492,17069,95340808,97247208,48305184,74747704,13868081,276820992,1337501184,278253312,47345,57188012,1777030912,1980600,1158068,110520528,32221714,1671520,13268373,109241592,17348356,41427556,629616,377689440,103089,3285851,125473,738967616,807421760,13978709,1417713,164800320,21157396,1515699,219889504,3163850,577029,11860279,27370176,607889,22793056,275046016,16963762,451569,2104098,440872416,12387956,221857,108585736,159548896,287056,6784432,38380084,89087488,42000,2099429,954418,3577534,476354,9509098,944765824,10629096,4299,1796128,6576,772913,3517972,20369766,281888544,9901843,72511,219791840,584421,30399,44178,112697928,349399,1596497,28927840,23124,15428,6067,18460362,48491,2637,3201101,1328897,84157,5902,410954880,358.5,6754461,610335,4392,358.5,1721974,11593,822435,69782,979793,140978,67307,5014,58168,3096541,4466,12754,907782,358.5,358.5,358.5,21416,358.5,358.5,6799,358.5,11829,358.5,77469,358.5,358.5,2958,358.5,73968,358.5,358.5,349760,276870,358.5
"160711-28","plasmaD35",67818352,39529492,5101601280,7816424,13708696,6771322,66448308,39865820,19094,41424572,55949680,33209168,52095476,63388180,232476656,1117650304,240562608,59523,54686332,1779070464,2553276,2673694,108572344,32308028,2246767,15646996,124405024,19869190,45639688,896477,190501424,379053,3024633,88413,706269888,887892864,12499144,369902,108704120,22472178,1776284,125690376,2323326,2333678,8853352,23406352,879579,13274820,227224368,6638824,552506,809620,344668160,14410167,46545,80210488,239869504,838469,7119675,28097216,93969760,44779,910578,1044047,7281108,933776,9350753,1016303616,11575223,3381,336925,3453,1203266,1713878,18777300,460324128,13073810,22509,234389056,299779,5294,9416,104270744,353804,3198146,5995044,40426,6012,7021,30843294,24158,358.5,1023815,890541,12148,228795,418926368,358.5,2712673,91648,4389,358.5,1670118,3526,820150,4111,17474,9306,96190,358.5,8076,1360407,541046,358.5,6079,358.5,358.5,358.5,14859,358.5,358.5,358.5,358.5,4764,358.5,358.5,358.5,358.5,358.5,358.5,21444,3137,358.5,358.5,37428,4092
"160711-38","plasmaD35",146739856,36044928,8423488000,4162734,13657525,7164886,57782404,42052284,47299,38739640,126342704,53185928,31242146,41958876,200708240,1335951232,205618544,2173,50239260,1110983808,3519778,1062571,108991304,32188502,1681120,11730462,108419648,15890872,37243296,416160,507623488,399321,2641716,66286,1070902080,850302080,12363600,341381,108273712,22666446,1633974,350221280,2226518,2082590,10953848,18718220,701212,6905315,202250592,6742582,1360601,3835534,326466336,11941463,40380,265506016,212655232,827030,6923080,31008284,75870672,17855,1004167,924952,2896317,897023,3554063,708505216,13231064,3670,2452995,4572,940000,1619390,19136014,2086158080,13179489,45418,211245024,228933,124744,197780,101803336,384816,1581614,23317026,28169,9665,7333,24153354,29304,358.5,4423160,898484,21546,6124,399438976,358.5,11243392,1080833,5648,6625,2170261,358.5,879203,358.5,18372,5501,168201,358.5,325350,1084269,287641,358.5,358.5,358.5,358.5,358.5,29634,358.5,358.5,358.5,358.5,358.5,358.5,358.5,358.5,358.5,358.5,358.5,358.5,358.5,358.5,358.5,170868,3738
"160711-41","plasmaD35",98801936,27997108,6025341952,5210606,8877957,6274339,51112348,42602724,15890,36571960,122773840,50697664,64911276,65461544,172343616,1263899008,168864128,9692,67468320,1427801856,4419222,3215104,117841840,31367330,1823586,14731767,89928216,12147992,42642572,255412,486706944,425425,3757382,56242,986964928,869813568,8687373,110976,62634940,22686752,1058467,138024112,1894075,2316978,7986434,7926241,1094839,10828231,187043584,7545462,843296,1916347,624689664,5264962,20063,126917800,236555648,399997,4226937,33794072,65857248,14146,867301,1415963,8148158,411451,7102568,1017075136,14548649,4109,386566,3533,794237,4293656,18975140,1038362816,12882879,18847,232030880,972521,292316,36936,90269416,107732,1784896,5721423,10638,5472,3241,26310906,7059,358.5,1780144,159766,16429,4893,412673600,358.5,2180319,343344,358.5,58731,1851032,4362,431240,4427,45203,3638,138635,358.5,60750,5750344,188073,358.5,5093,358.5,358.5,4513,1741,358.5,358.5,358.5,358.5,358.5,358.5,2951,358.5,358.5,358.5,358.5,358.5,358.5,358.5,6832,139839,358.5
"160711-42","plasmaD35",108265832,41649388,7194685952,5147194,15290314,10465776,75971816,39287932,11565,68869408,118430240,49890720,30433416,24835104,282741472,1412120320,248178432,4124,20298212,842593792,1964959,1398877,114075832,32801372,1029891,9894831,132371688,14468649,42065412,383216,481987648,223586,2940563,84359,1037595712,844439552,14065605,211914,127344472,19603296,2132662,273447456,4148034,562238,12370087,14581379,539364,6820885,225550624,7967611,930037,545821,352301152,6338470,14827,123357984,215555776,366308,5359838,27172636,79922672,7130,604186,658606,3904742,810887,5792523,717096640,12903700,3671,341565,3787,932589,1971240,15465679,1483720576,10945879,3794,220751696,443945,63981,363733,89025832,396863,1257651,3491838,4649,11648,3580,18722998,56410,3792,875943,456354,4719,213700,405819808,3510,7835661,60101,8010,358.5,1462528,358.5,649028,358.5,21245,5935,197882,358.5,14538,2387482,412320,358.5,4824,358.5,358.5,358.5,358.5,358.5,358.5,358.5,358.5,358.5,358.5,358.5,358.5,358.5,358.5,358.5,358.5,358.5,358.5,6411,88485,358.5
"160711-47","plasmaD35",135408256,27657308,6176899584,5533227,13462892,7073422,60422668,46298408,28221,43592964,114028448,43258712,44859832,52794448,173801040,1127451136,207622656,21489,28823242,765634816,7646314,2313562,105512664,32599518,748118,11890569,80127552,12711104,38086568,581250,448145536,292137,4014439,77853,1007251136,757336448,9417288,79790,65074984,23535254,858820,272751616,1713804,2561364,7828118,12609358,1096796,7267102,163064704,6496721,895647,751109,592103808,4193360,177063,101348032,176479216,328065,3860266,27444890,58422904,34960,803359,1405076,4176521,989561,5109038,1002608192,15574372,4201,573123,2943,754239,4334848,16946736,1124958336,10326606,22455,214742144,939413,739838,11783,92232552,103183,1876049,3326671,8360,1846,10118,17423484,19811,358.5,1086292,459634,14081,6153,390344768,358.5,3607196,127041,5840,17452,1380136,358.5,383477,4864,151957,3844,86478,358.5,729079,11303523,1326934,4436,52624,358.5,358.5,358.5,2605,6647,6584,6078,358.5,149549,358.5,358.5,5913,358.5,358.5,358.5,358.5,4177,358.5,358.5,62940,358.5
"160711-56","plasmaD35",133297456,40536792,5888376832,7730654,13194568,9438898,41531696,37994868,43962,37468576,86091648,28681052,55722596,62899072,169198912,1224941312,228104176,67387,56863560,2369252352,2328066,2587761,117599568,30335714,3371472,22870302,93666496,17872192,51261628,128703,326034208,535622,3226294,76610,628376448,1037194048,9311914,710941,111774440,19096760,1210941,5617616,1297600,1767410,7755462,10564115,861055,10018683,205420528,7597528,7448770,3750858,540912640,11958942,106657,98364888,322513344,555942,3771100,29666880,74730816,44177,1533299,1594502,9598136,729914,11072524,868953344,11309423,3362,2654462,7233,1585399,3243028,14998830,3451264256,20282332,49633,204968304,558836,1388253,25511,149691360,136368,4615970,4583735,15292,25990,6679,47759540,15439,358.5,2073969,383520,7669,9128,375785440,358.5,336385,339108,358.5,358.5,1277320,6527,739423,22728,272018,6654,219108,358.5,1739348,2462512,5933,6035,345889,358.5,80422,4582,22527,358.5,358.5,358.5,358.5,39256,358.5,15123,9734,358.5,358.5,358.5,40761,7014,358.5,117281,524856,11391
"160711-59","plasmaD35",34523216,39418644,4495461376,7362594,13112799,14607903,38286928,43698156,23989,29216110,87999304,34059336,61438172,65361988,218012128,1195577600,172050144,21392,40756092,1795209216,1961416,1202431,110161536,31773576,2218605,13334698,121206496,13881185,49887144,92779,352877824,267319,3347770,4989,779198528,890573888,8852926,321488,89233904,20470058,6147896,11542828,2118907,1884758,7960050,11148065,850278,11892196,222761456,6401758,1688403,1878647,339964640,516046,5499,63655936,170714000,953404,3436774,31129082,79487104,13313,667716,1955135,10372617,355956,8104214,940587904,16323568,4716,1663240,2744,1181726,2401922,19859540,1779884928,15895519,23576,248027360,403022,2673172,264312,70766976,285838,2893964,1670616,11619,20164,3284,31739988,60129,358.5,1021428,62097,18749,5507,389028608,3198,323113,9431,5269,5864,1432660,358.5,318460,4614,137360,3702,151219,4884,236591,954757,3987349,16444589,157757,358.5,358.5,358.5,358.5,358.5,358.5,358.5,358.5,4483,358.5,358.5,358.5,5968,358.5,358.5,358.5,358.5,358.5,11531,297739,358.5
"160711-64","plasmaD35",91542200,28524776,6071800832,5801456,13374620,7465366,38038048,34949012,3810,32862616,51922404,30214272,28532990,56951940,189901152,931768704,150281600,34034,29604988,1178103552,4017734,2627644,110149112,30987260,1759378,13638807,119270824,9880437,40243768,592444,182940448,246449,2753064,4908,608477504,738739776,9881948,488143,90175936,15771273,6869361,11242005,2405248,1170198,8950315,10654156,685211,8411551,218540880,6577421,1187346,427266,440411136,2719397,14191,78446080,139958944,600738,4314360,25353180,55214908,19808,694731,1004768,3136191,429477,9306208,725413248,12874702,3869,315514,2647,1057111,974264,21089686,1283852160,10564484,22089,212473200,7858,330043,234284,70337624,150888,2667886,1314825,3577,5468,5081,24865842,25168,358.5,625289,33992,4771,5783,382815584,358.5,627419,32163,4994,358.5,1129424,358.5,606730,358.5,358.5,3665,221773,358.5,25629,875353,48742,4093,358.5,358.5,358.5,358.5,358.5,358.5,358.5,358.5,358.5,358.5,358.5,358.5,16649,358.5,358.5,358.5,358.5,358.5,358.5,358.5,28316,358.5
"160711-66","plasmaD35",96945600,37600988,6708354560,5317174,13562565,8210872,43765864,31924428,4539,40982896,56282076,25453828,32165776,57629544,169579360,1181651584,222882928,61902,54013900,1790330368,3979126,2674963,105720112,29932758,4116452,20672674,111722440,15368744,47230932,358871,199195680,672768,2957068,5024,613787584,894973568,11169030,168520,124103200,20087964,1945534,76153136,1197022,2373548,8702517,13021370,997098,5062566,222242000,8977778,4104414,798480,682563200,6462838,5432,161641280,260990800,470067,4607926,24876558,70934304,19979,1507510,1250891,6795149,729577,9309696,900029824,12199733,4653,743280,7361,1275318,3025644,14483364,2405039616,16335771,10446,204962144,229543,609938,259987,95774064,483016,4202508,2288565,16799,10570,4528,57071532,20167,358.5,1381430,130251,14039,129889,383385824,3420,1904681,66262,4578,358.5,1659739,358.5,230058,358.5,4370,8977,170134,5378,10763,2494663,204112,358.5,358.5,358.5,358.5,11995,358.5,358.5,358.5,358.5,358.5,358.5,358.5,358.5,54485,358.5,358.5,358.5,358.5,358.5,358.5,358.5,223664,358.5
"160711-69","plasmaD35",111213520,31981426,6595724800,5597287,17332342,11367716,41944264,30276496,7796,30670584,41013204,22947392,30664916,16728358,146607216,900068160,181854752,358.5,49236424,1014318016,1740515,1852289,107237704,30854322,2692792,11769520,63662048,8918853,27210180,245055,136131856,137668,3316688,12607,417398784,692830528,7640284,541544,91686360,18034362,1234434,55438156,1299877,2017707,6150724,12614217,490640,4576214,93288184,5285082,1349014,588492,1697618,3544186,4189,96533720,115254064,177856,3421746,53729512,59502360,20134,1834782,685010,3578124,317645,5388824,788802304,12185798,4426,414179,4925,688247,1607890,14562305,862115072,5665615,10045,177117680,229068,64511,5729,74987552,416320,1704916,9508125,2687,8701,2867,22038534,31237,2805,834865,130511,15906,366578,386209408,2609,2226984,133635,358.5,358.5,1252756,358.5,768535,358.5,19917,68164,32464,358.5,5468,15274081,201200,358.5,358.5,358.5,358.5,4276,3758,358.5,358.5,358.5,358.5,4989,358.5,2836,3033,358.5,358.5,358.5,358.5,358.5,358.5,358.5,80995,358.5
"160711-70","plasmaD35",167671360,36788580,6840328704,5320552,14845703,7402878,52944692,37767128,10518,35849364,72662800,30365534,37598792,42085004,173557488,1086786688,240517632,14020,38457172,2250729728,3206169,1591627,107436456,29863638,2835055,14938239,97744888,18821656,44617184,286928,270169760,359772,3537406,10230,664081728,900670528,9614438,335745,104371608,25429460,1290886,188160944,2868506,1605584,6674536,14532645,1245382,9073053,224545024,8835709,3346813,2369197,717566336,18527710,105263,153129648,562305408,596079,5234818,26294088,68692584,18347,1271974,1145338,9184723,645989,8336002,1105344128,11089289,4531,1750754,4564,1056917,3422914,15484046,3163184896,14900788,13701,233924672,787675,395620,23586,141613888,283241,4365616,11884390,17712,18298,2820,30868252,23596,358.5,3862002,771286,9161,13816,375070496,358.5,2827308,408424,5683,358.5,1726145,3153,1304913,4730,87773,3610,121443,358.5,50332,2880568,4732,113205,166351,358.5,358.5,358.5,3256,358.5,358.5,358.5,358.5,358.5,358.5,3501,8323,358.5,358.5,358.5,358.5,358.5,358.5,26779,199706,3137
"160711-75","plasmaD35",179639648,49060408,5352268288,11557688,14079218,10239470,90551120,40810144,5046,45555532,59362128,27292016,48787252,57163280,180912992,1107207552,290283584,69617,77050624,1574947072,6028695,3232261,100581808,31932286,3033968,16499999,93038648,24285108,46177132,759850,211116736,597207,2922524,7922,658883776,1071055552,12796390,559032,114664232,24790350,1707462,2996232,2682022,1623173,9333067,17246996,901156,12545201,235841584,8169620,4792310,1535523,361492224,4107841,15380,67852496,315216512,1102655,5767866,30682186,100307800,13969,1218808,1456855,7274702,191215,10144704,1203125632,9266429,4965,1228916,11511,1063531,1634669,19225770,1786844800,14913173,31509,242529040,177536,758376,454588,149680992,534586,2915161,4956318,9894,21247,2671,41005216,67594,2967,1143190,75787,25153,17270,382527072,358.5,238365,94769,5648,6044,1985287,2759,531157,4920,13029,3268,441829,358.5,11500,2817368,183143,358.5,358.5,358.5,358.5,358.5,2399,358.5,358.5,358.5,358.5,358.5,358.5,358.5,45717,358.5,358.5,358.5,358.5,358.5,358.5,358.5,251809,358.5
"160711-85","plasmaD35",159958496,36767524,6444453376,5884152,13185519,6771349,53390368,34481668,17771,38340076,64856568,27482618,33578192,61765056,157294640,982656320,221087264,15703,55021140,1623472384,823316,2861641,105654952,30696758,2441194,14593951,96512248,18334616,39386332,364621,240851280,300891,3180063,30479,575747328,922760448,8467698,244640,85199976,20993030,1238123,145538624,2080205,723571,7000988,10094891,962562,7193466,175021184,6046028,4644372,1169227,716670400,11387649,25196,109935168,214941632,547048,3861194,44206304,75227872,23995,866284,1371672,9319893,1052865,7424806,904202816,9841850,3221,1159997,2576,1086716,1778826,16252063,1661311616,14202003,13811,219382896,284186,3340799,310292,120344104,65447,2870698,5877048,1923,15270,5422,30402338,19203,358.5,1102079,410644,14182,5905,252960912,358.5,2006592,278479,4025,11449,1245264,358.5,297750,358.5,80972,3315,103016,358.5,253138,2159137,504603,358.5,72320,358.5,358.5,358.5,4849,358.5,358.5,358.5,358.5,6464,358.5,2589,9368,358.5,358.5,358.5,358.5,358.5,358.5,16954,223070,358.5
"160711-87","plasmaD35",137761856,41782528,9331492864,6028316,8308652,7506856,68229680,31109202,32984,66674416,249073760,73936592,23268486,20592316,195335696,1631676416,236282016,30756,28202022,1655196800,468662,1423002,108305104,30060666,751054,10082013,95469888,16183189,34653364,767914,1028327040,187189,3955905,8579,1336737664,843790656,10538647,94758,76082952,19432760,1678429,4010926,3572532,353416,6961224,8813035,762568,11929038,145816608,7696556,4274448,3082879,480169184,14207157,25515,191026720,153031648,1383068,3988623,32249066,83350464,17887,1073936,621562,2631530,285763,11029695,886835200,22963324,7192,1680896,3003,492824,4076618,25920486,1843607424,11227810,14530,225034464,969032,638737,7159,100897136,630184,946416,3629085,8641,7301,2595,9898257,79017,1945,2356742,392867,4456,204665,248208976,358.5,3111462,242919,5009,358.5,1887313,2778,701270,358.5,95127,2881,109546,358.5,133869,2770774,3804,358.5,131684,358.5,358.5,358.5,3275,358.5,358.5,358.5,358.5,358.5,358.5,358.5,358.5,358.5,358.5,358.5,358.5,358.5,358.5,21575,295340,358.5
"160711-92","plasmaD35",23302216,14531362,7059002880,5605456,10433493,6425614,27228504,20431868,5862,61002844,494355872,182158512,14956179,18438902,118727960,451232608,45793216,234479,131509840,1463716096,3821216,1355810,114262736,29071352,3443644,135031936,125356296,15912937,11042847,3204077,1807005568,332884,1003866,58454,32793656,40381200,8519411,228302,122302608,497920,5756900,707661760,1910799,210595,1420184,16332054,23427,873861,302079168,3824904,4267482,3663929,1416067,199774944,2400055,496387712,79764568,183574,1775994,86134184,3021896,2610010112,16270362,225857,4003890,459071,275784,18314734,1882211,882290,9966796,358.5,520739,211945,19093858,1276271616,7610154,303747,85600368,50202,1372312,7994092,242995856,360871,1424579,93409160,1758139,684717,547504,8134443,495198,417920,134792256,63991008,1753,3007700,63402400,301583,4734977,43243228,4550,379153,53370408,4392636,50180888,955022,1819441,15446,237482,1186648,120576568,201339,793681,6026,407190,21931,12491050,10624,287242,738783,16708,1543511,358.5,1934205,11618,3711871,625655,59213,358.5,94054,17373534,4152501,543151,11839143,19679612,92875
"160711-102","plasmaD7",9876391,7892588,4327316480,2993062,18423792,5838394,14933683,12261100,14034,12847404,22067146,9842920,33592364,26945136,45377624,478007936,43383572,37228,18204830,393369856,1350920,1440346,105459392,29619448,834855,3606063,27390004,4790048,11412489,328403,63124820,81898,2876830,4162,188919008,324708960,2385217,155786,23030630,7608502,718825,86025064,1242231,114044,1520608,11104694,257099,1523817,32796022,2269216,549658,455943,146755,7103938,108522,77877560,40280808,140598,987396,7675535,25750860,13770,148466,323085,4110049,125807,1018326,281010880,4453421,8564,287046,8435,198074,586226,6178644,283619296,3053420,19093,106812328,51351,51913,480084,20024016,221671,219340,7625463,4700,358.5,2712,6129164,8591,358.5,1334523,1125256,4148,6176,91677728,2955,3205944,404385,8013,358.5,234766,358.5,95408,358.5,7594,53618,132746,358.5,248226,611421,1296302,358.5,11632,358.5,358.5,4455,3727,358.5,358.5,358.5,358.5,358.5,358.5,4094,358.5,358.5,358.5,358.5,358.5,358.5,358.5,11224,30279,358.5
"160711-15","plasmaD7",4994201,12057917,5678807040,7247861,19319438,6501200,20033094,17739996,4780,16416862,1677389,18484362,56999032,38134072,97725720,724056192,68609144,17525,47475460,486325056,2313883,1901124,112650736,32942584,1574613,5584166,59000596,5721032,15894562,265680,216305,98336,3263392,17084,248191632,468021568,6829547,109571,40167080,9554783,1275176,109206400,2929048,2364169,5088116,21486594,421811,2324418,81997608,3491924,139162,28457,98149,205219,4050,143530672,78180864,284142,2640989,14763221,35188652,218578,9567,139661,4162036,973731,1939085,371942432,8563434,4561,9259,6582,390446,664513,8343288,5220790,5609526,31822,162890000,31501,4878,464935,33714992,233969,312564,4356177,94471,2867,3648,11075063,16637,1911,364167,163552,5649,4789,446703392,358.5,4388881,18361,358.5,358.5,974196,358.5,456430,4771,358.5,3532,52607,358.5,358.5,417133,358.5,358.5,358.5,358.5,358.5,358.5,3191,358.5,358.5,358.5,358.5,358.5,358.5,358.5,358.5,358.5,358.5,358.5,4665,358.5,358.5,358.5,358.5,358.5
"160711-18","plasmaD7",83478968,41171168,9000743936,17769988,8831450,8072697,64434548,43512972,17350,49462708,168181472,116419784,33036136,44533708,247853456,1814905088,267723792,16455,32324246,1731803648,4485431,805080,109224776,33855196,1423877,12134815,115385040,17527374,41388500,251400,671666880,257256,3776616,188976,1818179072,905004544,7092354,498070,79075848,23949324,1599745,30278760,2418591,2692561,6429870,29136108,797726,23345692,190407984,8230600,553142,136008,398893376,5028338,103650,57663124,118950632,338684,3197228,41704992,93039992,46983,643054,515069,7285074,1007112,23120762,1079847936,21406442,4423,5857,3118,712667,7740950,22542148,22458248,10280998,31656,258085376,1476029,6185,4913,116573168,190610,1095608,4661939,85508,8548,9981,15574607,27352,2550,1232372,46003,13187,370867,437768640,358.5,1828908,81509,358.5,358.5,682359,6199,613420,5253,94631,10258,153439,358.5,358.5,1692686,50108,358.5,358.5,358.5,358.5,358.5,30694,358.5,358.5,358.5,358.5,358.5,358.5,358.5,358.5,358.5,358.5,2877,358.5,358.5,358.5,358.5,358.5,358.5
"160711-24","plasmaD7",61377072,14706269,7255418880,6762784,8523257,9926296,26267186,34037648,12016,19044314,85870368,54274720,25869966,63425784,125672448,1304468992,97746616,30081,56130820,1485833600,655160,2474316,109061848,31745248,580272,8839612,64367552,7784902,29722374,125451,340716800,140522,3375226,72620,1256460672,694833920,4993506,51846,51996560,14511827,1650486,100669880,1338403,451378,4841786,21505410,667106,9635983,151500496,7827670,383284,451863,274964096,29095592,134480,139148496,161575648,576185,3871659,32309538,43505636,64046,528058,504519,2865184,606126,7217543,625270336,14124853,4008,5405,4257,553125,2922954,16142153,347504992,11237967,46060,229123024,724300,15336,67233,101765656,94060,1114997,7547408,11505,22045,3705,17039022,16197,358.5,2009820,760747,19189,5067,434162496,358.5,4340074,215341,6143,5077,1904884,3315,2275518,358.5,153864,92130,117702,358.5,358.5,3428339,9126676,358.5,55658,358.5,358.5,4491,23828,358.5,358.5,358.5,358.5,358.5,358.5,12904,358.5,358.5,358.5,358.5,66355,358.5,358.5,195104,5321,358.5
"160711-25","plasmaD7",87634792,56340056,8306063872,14010515,16067543,10714630,72841368,45569888,21926,59277340,58125208,61547308,36476492,21276930,117099664,1318476160,251761136,35907,33234112,1201440384,1711055,3910818,109625672,32627158,2531790,12147762,48943784,23722942,24931466,364349,205098224,176464,3628149,49339,1374215168,908116864,9171358,1569871,127114992,25008190,1350954,330033920,2661906,717284,7612878,27841714,885798,6343298,188149152,6767994,401084,12492,229810720,712867,14704,127163240,268865184,1453386,4939666,25214550,80749304,24159,586804,1255804,7647844,205130,8886952,969575744,14906395,9953,8325,3254,901032,1842246,17518966,72766936,9335886,36350,195821392,317934,695580,137015,106341136,707082,2010696,3487588,11428,2354,4755,16838420,313600,358.5,722852,56343,46565,571858,427593504,2922,9020451,22408,358.5,358.5,814764,3787,358475,358.5,8276,3709,183367,358.5,358.5,1424412,48536,358.5,358.5,358.5,358.5,4141,33257,358.5,358.5,358.5,358.5,358.5,358.5,358.5,358.5,358.5,358.5,358.5,358.5,358.5,358.5,358.5,358.5,358.5
"160711-29","plasmaD7",26434150,4321109,4040706304,5661270,19622606,8364132,6322924,25463598,15858,9241296,16400961,14200741,60948924,21928918,36681132,499341376,16222116,23866,36984828,237374960,1882783,930259,104572888,31531602,284949,3013516,18063558,941146,11503514,152269,38273624,13981,2817566,142231,231803312,90876560,1669259,57229,13713167,3737461,1049003,99462312,1479224,566360,1554604,21363642,189858,1317034,27086772,2406479,139131,342405,48712,3744336,88126,70353328,73452408,152992,1210026,6383448,9852261,18605,190400,188510,6435413,539980,886910,53705660,8318762,4801,5989,3310,139550,956993,4782680,77225800,1980342,63355,70448688,115708,5363,593945,18699238,5562,110779,15344975,26409,3278,3808,3864046,44889,358.5,1320830,1962134,5436,655391,419679040,358.5,8520329,742524,5214,358.5,406775,3125,3038366,4100,40844,3626,305170,358.5,358.5,1086989,3904,358.5,3523,358.5,358.5,358.5,12775,358.5,358.5,358.5,358.5,358.5,5501,358.5,8957,358.5,358.5,358.5,358.5,358.5,358.5,4750,358.5,358.5
"160711-40","plasmaD7",152240960,32685030,9129036800,5279914,13588260,6816816,45600804,38183928,19638,33034794,149690464,78224752,61353564,41623096,188588144,2046204160,191100768,358.5,43024952,1559162240,2529486,3066392,111885096,30147822,2887948,13036105,94605192,16591065,29359892,263948,609226944,257812,3377309,46067,1062945728,979568064,8212486,8067,89475432,19497036,1362044,3068478,877675,182294,7457297,40229820,517914,12059517,191680096,5882413,1015031,118277,444259584,1711486,10135,68780024,178005776,598109,3275124,36923020,73904584,160889,460545,500802,6541404,340518,14976081,860134016,12506616,3608,10484,4721,977507,2912392,20013420,964089344,12923588,6204,224357040,551161,242918,16755,98819888,48666,1302760,1253286,91123,2801,3042,21404694,30747,9313,726252,110086,6636,449776,400896064,358.5,817329,19787,9055,358.5,1729875,358.5,520501,4234,4874,3054,196422,358.5,65124,931192,4595,358.5,358.5,358.5,5393,358.5,9765,358.5,358.5,358.5,358.5,358.5,358.5,358.5,358.5,358.5,358.5,358.5,358.5,358.5,358.5,358.5,28429,358.5
"160711-44","plasmaD7",138552624,27851350,7695569920,6054899,14057282,4934819,63099372,35530032,15624,36092772,53266080,33431842,29405344,40300248,167135632,931705792,222498624,358.5,70141960,1353003648,2707192,3196980,109081720,31006840,3370807,12515208,81298840,20171068,24896304,238587,183549968,427095,3669906,24409,870099520,888409216,10834284,720535,103123088,21269496,885238,181786064,1334746,303817,7202642,12312232,969050,8621010,164905728,5482200,680888,138407,248030880,7162856,5857,70760312,164987392,432181,3828601,29335980,76287704,55986,473999,390564,2725773,456983,9519390,923299072,10842112,3535,85773,7674,810206,1970301,19637178,763632960,9972842,13757,253097024,279781,67020,5164,85618168,552636,1930626,2510211,25848,9528,13261,20101650,16101,358.5,897311,307148,14545,6093,404559840,358.5,2703889,58776,358.5,358.5,1400424,358.5,387710,3304,193241,4054,134427,358.5,16542,1734302,3859,358.5,131389,358.5,358.5,358.5,11377,358.5,358.5,358.5,358.5,358.5,358.5,5395,358.5,358.5,358.5,358.5,358.5,358.5,358.5,54480,150450,358.5
"160711-51","plasmaD7",138427632,26786352,7982694912,5472431,15100257,8983645,49390668,39994384,36011,32887482,112807888,50393148,58363768,30911320,132316696,967709184,168881648,13364,45503076,974443776,1028444,2197232,111757840,31378176,1467186,7533752,59538180,10922761,27017212,303904,444206144,157144,3909818,43016,1298785408,706277120,6133347,245179,53498564,27732150,1244258,330063552,2755924,506810,7265785,17969194,745833,8548487,162865712,5671394,1166525,1332179,247360672,16217661,199075,149573024,183765264,548426,3710398,25740164,74289496,33056,655709,509342,8064156,877697,3993562,1063659008,12236116,3673,1305821,10769,600031,3178608,14068277,1023204736,9341461,19702,224173488,619847,383770,8030,76973776,107571,836984,6812464,15095,7115,7120,12396915,38735,2649,1040004,1105836,7980,5409,384524896,358.5,18621344,204130,4383,358.5,1115026,358.5,599855,358.5,40066,7458,94705,4401,1193211,2049349,1454627,358.5,25886,358.5,8838,5230,16115,358.5,358.5,358.5,358.5,40116,6105,358.5,358.5,358.5,358.5,358.5,358.5,358.5,358.5,7533,206345,358.5
"160711-53","plasmaD7",122093056,17801496,9489614848,5929285,12741297,5918454,39978048,135524144,27571,41871232,182061328,57638092,21618068,49331888,145735648,1466806400,105631336,1329,160284480,1056424896,8569272,3113622,116996416,30787050,1407821,10740917,79881984,7253512,29367852,308499,739072000,131378,3634986,70517,1574129536,725414208,5706901,325354,59218244,12586062,1134297,260890416,1758789,1572453,5088794,28075232,860086,5337104,155353072,6083198,2336024,69451392,359253344,21206590,37465,174782048,415973760,388686,5634762,29649778,54744696,52818,1593119,893427,7286490,1622772,4430998,391604384,21875948,433642,137228416,7043,531457,4675646,16339300,2359123968,10153231,13269,202874480,970306,200863,424338,82030176,62077,1105680,42331204,3669,23922,2921,18420644,168226,358.5,1317079,8868181,26934,4475252,385704672,358.5,13438095,4874658,4532,14662,2832309,9052,3431884,139239,545207,55556,198728,6025,5055364,5191600,57653660,617590,1720874,28415,44314,358.5,262737,5377,4984,16204,358.5,503885,358.5,66825,6211,358.5,358.5,358.5,1264780,14985,22176,545959,3609386,358.5
"160711-54","plasmaD7",62866512,11889744,4322505728,82295136,12206116,8871768,22112890,37552752,24291,32409232,128204192,52731860,20326272,72799880,192303936,1133007744,109451336,10361,35614680,671248320,3803474,3436724,104993136,31874232,835475,9723506,84905000,6246401,36416148,143323,524534304,235434,3390018,41155,1278801792,693446400,6188680,7073,51160308,9058257,4915426,45562684,2331796,1767873,6078110,14646382,671734,3476888,179757072,6923314,3118040,1265219,358132064,2779015,12007,67010408,162129936,748098,2492588,28021428,53999288,27716,365682,1452923,8083736,274510,9384596,348229280,15587330,9547,966846,3012,647572,3471271,16475014,1083340288,11992803,8739,180033632,1173460,647995,219412,80825496,74822,1010137,978105,24065,2104,5078,18934080,28164,358.5,501904,64194,4101,202894,382458464,358.5,1358951,7455,358.5,44413,772596,358.5,170972,358.5,21288,7940,132381,358.5,302117,985484,4927,358.5,4527,358.5,5615,358.5,2012,358.5,358.5,358.5,358.5,8185,358.5,358.5,358.5,358.5,358.5,358.5,358.5,358.5,358.5,358.5,26836,358.5
"160711-57","plasmaD7",73379344,10564246,5270261248,6101041,15417580,10789673,20135736,30672302,40633,15756806,54709848,23890746,63703996,38732520,77817096,704695296,63793856,35723,54147592,608736384,2287898,2251622,112085400,31297092,798084,5423029,39769484,4672324,16885788,160150,198282992,88656,2833566,45730,681851584,513822944,3158487,60548,32292492,13630084,993709,161751888,2169789,321930,3610295,14063589,412883,2503561,79887600,3061382,696412,1245530,197496,30776282,86108,75732560,117624944,354953,2576376,14353812,32082944,18278,389905,577865,8171262,292460,2110551,536211776,9388008,3924,3268568,3068,385064,13055565,8894938,1013126656,5339278,118205,144346448,2017812,154466,264035,39220848,107462,578781,6130571,8706,2029,5184,9959170,39790,358.5,1505336,4114580,12647,33468,385569664,358.5,5199445,98027,4283,358.5,979182,4814,973123,358.5,100859,13508,145391,358.5,669964,1314552,9028564,13001,192553,358.5,9086,358.5,4412,358.5,358.5,5244,358.5,37261,358.5,15790,358.5,358.5,358.5,358.5,26160,358.5,358.5,75913,163452,358.5
"160711-62","plasmaD7",181036832,23695216,8886835200,5633782,13436644,7542374,36852380,41267596,4676,32668700,137282208,63862404,28866072,45235760,174146960,1740742272,186122192,358.5,25560408,999050688,3472829,3219007,110056984,31812654,2302642,10785882,88189040,11649873,31044330,74612,542295360,142053,4045103,8875,1176188288,645032704,8635972,651893,92148992,12442834,1784032,2571979,6178534,1697624,5982518,10206379,945469,14069580,169814000,7041414,1565535,214391,395635136,2820680,7655,64080556,136674144,798169,3924989,28898830,66071552,16153,353491,909682,7896584,719836,16404788,538746560,15891556,7723,161548,2926,796098,5422744,19122518,1009134400,10146017,27554,234812672,1293790,1461272,108847,86867152,197813,1605084,1028411,43596,3742,2609,15653585,9547,358.5,713197,114747,13526,8463,387642400,358.5,942485,21799,358.5,12232,1405017,3137,176327,4122,19010,3509,207578,358.5,31229,805429,218498,358.5,3788,358.5,358.5,358.5,7017,358.5,358.5,358.5,358.5,4428,358.5,358.5,358.5,358.5,358.5,358.5,358.5,358.5,358.5,358.5,61288,358.5
"160711-63","plasmaD7",125888168,18710232,5457571840,5314456,13757359,8091126,41609208,40031692,11933,30489300,94992880,48409644,58470448,53659376,128450248,1082956288,131252408,8553,43713068,919550912,1904960,4462118,107595864,30164710,1729846,9994171,69688464,10629567,29911710,92176,363354912,315422,3927293,5425,1234056576,881255552,5999978,406074,90092832,19239324,1722147,17820476,1913100,424841,6618139,15685901,909729,9818449,150159104,5531898,723828,442442,340440864,3839971,16727,46518236,139286896,595154,3068596,28399466,58543228,26380,490903,743473,6983197,188406,7487542,842068480,18833758,4293,333636,3314,669493,2358976,16686734,800943744,9263202,14844,231418288,532202,141165,208513,73935552,19509,807372,1714832,2471,3942,2810,22637760,17998,358.5,533374,116080,12395,4998,392453760,358.5,940259,29305,358.5,358.5,870795,358.5,383508,358.5,12303,3690,65743,358.5,15315,13212911,230440,358.5,3393,358.5,358.5,4766,3097,358.5,358.5,358.5,358.5,358.5,358.5,358.5,358.5,358.5,358.5,358.5,358.5,358.5,358.5,358.5,17357,358.5
"160711-65","plasmaD7",74334608,19649978,5401569792,6016232,7963017,10425987,27825622,48511616,14147,41432492,99443392,41304656,61413224,68212624,282247840,954106816,187593904,51213,37674220,1077495808,2757790,3407193,110276376,31735746,1834692,10211711,133225848,10196475,29326312,561983,379239840,258628,4243762,21319,1158069760,597190784,12900775,908474,96440648,9933705,1398529,391612288,1810369,2047493,8586767,16390061,916281,3431731,265491360,6999716,2473622,2222752,274510176,29275456,87043,223925936,230092384,754803,6415320,32077212,59406668,6376,550079,1175951,9949420,340107,5505700,142628000,15356612,4796,2550796,3376,721046,8931321,19518910,2205682432,12258222,24005,202745056,1490855,1585123,138570,65506636,45962,2091656,10804806,55014,14566,3199,22140786,27007,358.5,1565475,2501502,4087,6891,381095104,358.5,11892325,398609,9654,25502,1383738,358.5,674216,358.5,16510,2938,118517,358.5,80477,954109,1050592,358.5,42677,358.5,358.5,4672,7126,358.5,358.5,358.5,358.5,358.5,358.5,2779,358.5,5351,358.5,358.5,5824,358.5,358.5,5360,200636,358.5
"160711-71","plasmaD7",140112592,23752768,7595751424,5389484,15155420,8101052,59206696,37682704,5698,42628060,200698928,66611452,19897660,46845236,196875952,1590102016,185657664,7007,69196608,1329612160,2049966,2773280,111918792,30142236,525228,10106505,107542032,11112036,31157258,601840,820173632,199863,4037762,6434,1275755264,626235776,11748288,316353,77642952,15869076,1242489,102405536,3183714,917721,6865981,20841718,1496861,13514817,180063872,7072198,1523813,2929654,528161856,26954358,51593,167780816,199285168,217234,5468252,31815394,58343148,15157,683343,432235,7180332,420402,11154193,664558976,12969021,5189,2571608,3258,663127,8208211,20868770,1836080128,11660280,39569,240851680,2350769,256792,18729,81352288,409629,871871,9032211,8458,14924,8937,15132591,12569,358.5,3019009,626742,8897,17235,372304672,2456,2870869,419112,358.5,30925,3497224,2698,927516,358.5,146071,10689,146043,4398,16139,10699586,1731105,358.5,171349,358.5,358.5,4758,3204,358.5,358.5,358.5,358.5,358.5,358.5,358.5,8275,358.5,358.5,358.5,358.5,358.5,358.5,31264,293010,358.5
"160711-76","plasmaD7",76658552,16031250,5092276224,6051311,14268249,10518428,27409222,39569764,8303,30258838,67038668,31642398,47104856,68477800,123452368,834145728,120610840,55925,72100704,979590784,3215364,3152542,111056624,32451890,1324789,9359680,71687168,7651966,24160312,237375,250699360,159569,3118515,14294,877299520,555934528,7722384,686271,72147128,12116458,1131101,273131424,1923204,985657,4757018,17310960,966964,3663664,137273728,4580828,1567814,1563373,153025520,11277810,12619,104789064,152715104,680601,4644844,23957826,47358904,12341,432392,1022066,3112071,842068,2862427,280098208,12977272,3490,1575213,6071,740861,2739678,19475408,1719629440,8338848,11961,200388320,598991,242010,482089,54993740,218575,1712166,10563038,4011,6285,3577,15887522,12052,358.5,2171226,1163339,7255,6532,378964096,358.5,3632047,820406,358.5,5600,1497298,2978,374479,8738,45648,7945,96937,358.5,358.5,2873535,775202,358.5,61910,3605,358.5,358.5,60671,358.5,358.5,358.5,358.5,358.5,358.5,2857,358.5,358.5,358.5,358.5,11868,358.5,358.5,5223,110940,358.5
"160711-78","plasmaD7",127031208,16779582,6403425792,4538752,12855818,10362444,31280810,40476348,30782,31412978,121987096,46766532,47594912,67514312,174529824,989327744,127467552,7073,55412480,560916160,4113391,3097397,105186112,31402170,1254985,10867658,94546120,7613614,39858624,321939,483889248,258532,3651466,60385,1439041280,762937088,8339325,9868,59347608,14741551,1241620,346532640,2390250,469192,7245420,14467693,1315790,6972213,195451456,7084136,857257,894784,383011200,14636839,43607,149947024,132381336,369366,3216563,30357442,52953396,46249,504295,653548,3171477,600871,8173700,447491712,19182258,3466,470669,2963,677907,3120672,21450340,1018133760,13494745,8413,250328736,723950,559325,26752,79782984,121434,1037090,3655948,36761,10220,2377,19544348,5627,358.5,730557,446313,12490,5471,373741376,358.5,12449005,64828,4546,8390,1055103,358.5,310295,5348,77929,4604,183154,358.5,521239,1539158,294972,358.5,358.5,358.5,6788,358.5,9040,358.5,358.5,358.5,358.5,24574,358.5,358.5,358.5,358.5,358.5,2441,358.5,358.5,358.5,358.5,100438,358.5
"160711-89","plasmaD7",32269286,1280361,495195072,6127369,12269606,3963327,588307,675542,37059,1281595,10765766,4513303,57876320,2726776,1771637,377686944,913097,914,846760,30688126,644980,21183,100421312,30096630,103602,1433672,865701,194533,3054931,122266,16943814,796,3018952,4873,9667531,2826830,437669,358.5,2150552,103862,1002312,2651744,1346300,659010,497708,19842094,5014,594498,2062254,485236,78617,10803,10277,304722,147843,2050459,10921103,22598,136910,1723094,314999,12429,29861,1999,4651622,172314,58484,2539960,560181,3672,4346,5548,4028,17543,1050255,27375428,4668,19207,828146,4777,4495,7831,4340940,7424,1220,533184,18076,1737,6143,48632,3325,1169,757375,99419,11750,9679,534176,358.5,5061,346697,4531,358.5,11555,358.5,60582,358.5,358.5,3327,290377,358.5,358.5,151774,65153,358.5,358.5,358.5,358.5,358.5,358.5,358.5,358.5,358.5,358.5,358.5,358.5,358.5,358.5,358.5,358.5,358.5,12648,2968,358.5,358.5,9426,358.5
"160711-91","plasmaD7",12337605,90167,154196544,5939568,9336897,5958026,66289,1159155,29465,262264,3664734,3857687,31496662,1973922,533847,357864064,226692,358.5,590261,3123765,4838974,439945,97876688,28608786,70861,418998,359798,6470,2812203,165236,10285762,1691,2528698,9645,7769544,157247,2731173,358.5,665189,56779,6567614,261914,2700897,184985,31997,17283106,7997,1086413,219095312,664714,862462,7890,4537,247578,113475,223020,7911759,2611,2990442,2681156,113315,15360,41656,358.5,1926756,253016,85904,66127,50694664,3290,5896,1811725,350754,221646,1039790,31400766,2162,9328,45828128,358.5,27122,16662,2378521,358.5,50343,57749,6470,2200,4598,640785,115337,358.5,50297,5120,3486,2122159,129254712,358.5,400825,85914,3037912,358.5,358.5,358.5,23744,358.5,358.5,358.5,90161,358.5,358.5,94298,6217,358.5,358.5,358.5,358.5,4315184,358.5,358.5,358.5,358.5,358.5,358.5,358.5,358.5,358.5,358.5,358.5,358.5,358.5,358.5,358.5,358.5,358.5,358.5
"160711-93","plasmaD7",16282999,5015860,4415304704,5962384,11054200,4871724,5134928,8773443,20858,9543359,45693380,16340258,29663994,17491782,37824372,737841088,24493214,7349,14669336,317519968,958039,657360,99438304,30594944,423125,2753000,19201502,1603285,10214166,102590,160460240,20971,3081740,24450,212941488,108279568,1383669,623565,14825845,1862103,829172,590893,1578001,608014,703946,10838577,182932,2417034,20196952,2704464,477434,530488,291021,1914846,43539,63652860,43695316,108093,391964,8605666,11670217,20641,55512,70118,5751334,670869,1853396,73081920,4298284,4898,226052,2886,71185,1407873,5356164,265747840,2051997,44072,60624596,308736,25990,30872,23562224,35219,1265,883099,5357,358.5,6235,2590110,3071,358.5,709024,212154,8241,692758,58354940,358.5,132417,65467,358.5,358.5,688891,358.5,190429,358.5,358.5,4107,182650,358.5,545953,570278,68638,4107,358.5,358.5,5092,358.5,358.5,358.5,358.5,5340,358.5,5327,358.5,358.5,358.5,358.5,358.5,358.5,358.5,358.5,358.5,358.5,38350,358.5
"160711-101","tumor",25097476,16129055,5184356864,5753875,6434970,5738488,28879248,13006287,6466,62044924,172616080,127917640,79443744,9442140,130345408,425158560,41055768,28224,169605312,906847872,3036091,819560,106125232,31179270,2688718,70098032,94822200,15054210,8515659,3790974,698014272,131252,3213060,118863,31046152,28132272,7880326,370354,112187176,582500,1726565,600645248,2231843,572682,10868031,16273515,103663,1033370,255000720,3762111,1001703,499679,1110640,259027872,902027,148599408,48682112,105092,2208472,23798022,2553324,108356,1719708,83395,3711101,270327,351933,9525784,3004426,281451,2609617,3441,410909,164000,9233566,278876576,3476448,395555,79488408,16546,51695,3035180,107380304,199738,1684520,83995304,1594990,580608,353341,6118861,161275,628490,94924472,29830348,7004,449908,116284552,366455,3993071,18812502,358.5,250106,49158212,917826,65253820,21746,280286,3887,142521,82015,27899340,128476,49889,358.5,213482,358.5,4314128,24458,105311,156208,9337,358.5,358.5,7881,358.5,1641460,27839,358.5,358.5,22071,3799068,1322617,52403,1311991,7090399,23432
"160711-17","tumor",13054821,86223344,11210315776,2497023,8516978,10590094,64011156,30856142,56365,142696992,1222602880,498001536,12145945,36425508,364178720,855910400,188314864,2339630,155315840,6217357312,14702680,4819142,102414856,29662602,11214701,349427648,413699680,39321696,24746464,6691205,5057231360,840953,1665561,1941311,72217672,168291440,32398844,357182,287468000,1540205,628985,1993867648,4534588,1879446,52929896,18100202,370955,2333764,903900736,7453286,1031633,3765771,938216,64322924,270746,818674816,235812528,301447,7709721,189440272,16697208,800128128,48610616,945917,3324677,2714753,677078,35234864,5043850,100991,18932460,358.5,2340300,666669,48119984,785586880,12170502,811415,117604656,401013,131393,10512756,593552576,495971,2249394,43431704,4280334,2472890,1972751,19205630,1328119,305861,255472208,42353000,6062,928558,386660672,3668941,6622883,143075376,482526,888035,257035328,18820490,298715392,3167424,1433306,296383,639766,4627289,90488272,153595,629198,5170,6224,224079,7786812,583984,616345,240575,10382,534729,5887,893185,358.5,6955175,2025516,6102,358.5,611324,57393188,15480164,2184676,22993518,26958642,148615
"160711-20","tumor",17221170,62715984,10479264768,7317731,9172046,7067304,65270288,40894108,13698,153547920,492208160,326455872,16361509,11969254,418376928,536773952,162871936,401495,130998152,4083628288,1174322944,1193568,98347824,31000974,3339530,240305008,351703744,36268976,14615978,8753232,1889098112,234785,2517173,256807,164629584,197187136,34475272,2255317,258201424,971773,647817,1631981824,2945374,1904127,39087192,23601640,245131,9542391,959949184,8809531,254908,2272164,1506180,66119180,1007614,223361280,194901728,832604,6027239,295225120,13172447,187537,11296877,285850,5609495,2043152,5937868,11727414,12914812,10839,1791014,4216,2844698,684518,97935712,465373952,9237755,567192,111810432,94163,52167,4493144,1041585600,99731,2594426,49572056,7616129,1955999,721455,6077011,1339576,468122,114013960,49345544,2639,5702,396525280,7794550,20815796,32931432,166999,2534447,39648268,8103849,261661824,2742766,633817,102888,511707,2415139,13957962,606224,371479,358.5,10065,358.5,865840,340248,405084,6976,9913,40659,4106,740353,358.5,8052922,628439,11379,358.5,296045,21714028,3783733,638200,13522910,22385004,500590
"160711-26","tumor",21343210,127617024,13158148096,9951793,16417768,8087898,64771356,38216156,6003,236598512,1155641472,315886720,12144080,10602698,346954048,715990208,265562864,1003092,137301552,6419390976,460282464,1332044,97974288,28277882,5929446,292647744,328861248,34523468,21812594,3197794,4893135360,152129,915585,848987,176061648,193976256,34121828,986203,258428752,2052330,423483,1960744064,1791529,201647,55186088,28906650,258502,2460154,807646784,12818613,1690621,11691773,1152110336,516404928,7599694,464615008,255457696,36783,5984217,358712256,24381614,735681344,83902288,411426,2642097,158948,1027373,14013433,5386501,596845,25200448,358.5,1301323,1257354,88753592,1466992768,22192050,2166541,77156168,405598,1191627,21220984,1073150208,1792005,1761042,177423312,4768128,3199348,1825714,7788112,1517998,576580,311543488,118727640,2398,5087064,381395392,3489992,12932370,151439216,4603,1553107,71321312,7898894,299744064,8400661,8418533,918128,659074,4706818,513800704,987102,1745204,12309454,4334384,1126752,48634200,101203,443402,3005259,437339,15695941,10569,17276574,558744,9599843,2150268,102984,5332,674960,62734296,25681168,2845940,55216420,57007132,1037357
"160711-32","tumor",39581372,173449888,15402380288,15822109,15811209,7972617,85278968,69564328,9570,191185808,1324678016,612164864,11803364,38935464,497868768,859667328,302426656,1626239,277113856,8969077760,12161907,5074048,151596880,26255776,14048853,422941984,568390208,54044680,30317480,6147208,5602963968,855474,1967067,1007728,326308032,268743040,36440244,968121,343995808,4443198,940992,2726217472,2871973,228232,80784520,21414860,483606,3277879,1063493056,11352552,4196446,1867746,1644327808,452621344,3151688,642100992,289726272,148957,7008340,490064640,22987568,2767720448,53619392,638912,6856934,240956,1074329,42202336,6329658,73038,26113256,358.5,3791154,1282762,105113176,685626240,27350290,1616336,117130736,620266,1664888,17027990,1435284352,1489096,2528442,247136736,10523101,2742171,2020654,19668128,1479758,113122,190690192,87416464,1412,292047,337579168,8451018,9420573,139134400,758267,1818424,127077752,12056222,343226304,4357062,2355108,309706,1238153,5164134,51294864,798901,1075209,63640,565712,100417,4612314,216513,952831,98093,24216,895236,170398,3852848,6255,12947112,512305,102275,4065,867170,46223576,7969230,1356641,58487116,44874352,679920
"160711-33","tumor",20359666,141826752,11561886720,9016705,14499400,5575582,84859120,42128196,26714,209444416,1271451648,379826432,10080818,32557476,388694336,654508928,299581696,5206034,137004656,8310659072,10441165,2322355,87502816,20851110,7129433,409160096,461919232,55140184,17088276,7583922,5388221440,540349,381776,1327701,125369016,233138224,37428860,582302,285798400,3405102,534326,2420549376,3803256,45573,67426744,15478624,208253,1448303,957356544,5521438,5246986,16016177,1498978304,372659808,2290708,636817280,197240960,207526,7841180,432611232,19819128,2892165888,74970096,496036,3022637,515009,465407,39516848,5027292,1177585,61757288,358.5,2932472,681471,75026800,1961062016,26593130,1909423,101234032,618254,2912306,18998502,949639680,612922,1184420,299390144,3725539,2958020,1360454,8754887,1793301,556113,346984416,77212760,3448,1040034,272740352,3930231,6172544,231713648,21637,986726,122380344,11176003,331436800,5970944,5748940,332954,1023132,7259010,269407936,558611,2622204,563498,5334007,644311,29036822,213282,646627,1638564,329324,10405482,70077,13998270,493697,14730317,1392978,152272,358.5,937212,71046568,25715172,3715022,55190884,63152548,849770
"160711-34","tumor",21939856,87769152,12080209920,3181191,14350338,2452497,63430508,41009000,10690,159563488,1323891840,562118848,7883475,36645528,334100000,657592000,177067648,1478362,184305152,6692401152,11202139,4900924,94552760,23859168,7412326,398120896,453552608,38174908,23470192,6335450,5695376384,465631,1119020,510139,135751056,177944448,30577598,759857,252745152,1586270,497535,2311075328,738000,75326,57524912,18113846,289481,1433473,911731456,7135151,13019942,1991127,1585728000,545322624,5881402,983838912,269856640,379187,8177456,330583168,13116515,1862197248,89514048,775206,3418606,331887,435318,33580720,4837800,762554,34616172,358.5,1850103,540968,68454616,2134470528,24215018,1412178,102085776,252708,2394245,19331508,701571776,24837,1467858,259762880,3797839,2736045,1880772,11292921,1320102,214538,228634176,71995832,7709,2919402,284412256,965684,9802017,152037040,178017,785629,101475320,11085869,241483504,10617390,9526627,851619,974105,6824415,289738016,248662,2622266,12101892,6547994,2582356,29476690,71701,631863,1666574,284135,8850704,10858,12146991,158072,10368328,1346131,160801,358.5,814034,70171208,20583686,2459962,53520276,42061556,537841
"160711-36","tumor",31036878,73058344,11159662592,10189572,8350948,6839494,44820288,44301536,17156,116970472,1034802560,389614048,12970659,11960292,263779760,598676992,163794000,986191,170779472,4739817472,987835456,2518587,98739792,27214646,8011184,329773600,273353408,21815188,19376234,5779958,4221608704,182796,1209062,514343,103050464,125089888,27204650,231555,187612960,470912,415817,1836284544,2396956,83063,37116548,43229268,329287,2039178,712282176,5747666,3347749,13881431,3097566,138651712,520432,515654880,228762048,102722,3736786,234817056,14853356,266131392,38813092,609498,5292644,552151,508780,23571092,5846820,590540,34326436,358.5,1175121,437904,46617928,2223693312,11980490,826207,95566024,297093,9890948,9847306,2939252,23551,1349248,58831200,4537275,4085688,1619984,11791390,1565608,207221,235823072,57280828,1296,4021608,325502784,1735972,10707242,104234440,374376,725453,173186560,28076106,199154256,4333850,1664286,256118,573399,7859920,172217568,395677,3786409,73520,420082,167989,19548264,289760,659658,1369628,39330,1352008,7902,4609930,43752,12634666,1956114,18428,358.5,361591,39696828,9702637,1645655,19897736,23880082,128832
"160711-45","tumor",16750742,95074808,11870043136,5382964,15674594,5250100,63642796,46560344,7814,175675696,1077698944,616271168,8849057,37075908,341641568,546048704,223147808,1510029,178050528,6250131456,12542094,5647703,77001584,30419160,8823965,501129504,349985440,45530600,23338064,6248330,4560052736,499882,1291195,235435,204370880,167559648,28450690,1541732,167554016,1746766,995846,2635359488,4112917,158858,51508544,21958680,515455,3657652,883965760,11889718,4658452,1827821,1276034304,920167808,9904861,247834640,308558144,1241199,3508364,329100480,21163990,653617536,24965812,1244619,5717534,1527479,908219,9036567,6062510,322581,7492798,7019,675791,565765,47759508,2680264448,18563614,1196483,121069496,738505,2000879,13436413,801720960,514535,8128160,159578672,6140219,3523128,2444687,9173422,1197079,133151,284022880,51290084,2203,391083,345231968,2830505,11465725,91439800,562370,1132610,38779848,9379933,273272256,10295733,2768057,224348,758613,6774982,103574768,299897,3139708,375425,1791146,211321,11489018,158703,846999,552066,12281,2130198,17219,4637108,24077,7682964,292681,95161,358.5,760449,38595964,8184875,1443490,41033000,40467700,640172
"160711-46","tumor",36117784,111972344,11910852608,2643291,15136425,5502169,57608736,38879820,21829,179111360,1108612480,526513920,9822153,42837040,336310176,716838272,204985680,3577340,205515808,6664571904,13758681,4586892,99471968,28089688,8459680,404475328,381143296,46663580,21678976,6601212,4660579328,634457,1811422,364844,212950928,187243456,29589766,1314632,217195600,1596107,698430,2109795456,2135229,983893,56957536,35442556,419990,3669924,860188224,9231562,5533229,1115306,1341303424,728397888,7547140,450980448,272003296,145246,2606302,429228928,16807776,1283805440,37085912,447614,1362108,223011,1697920,21614504,6936301,228342,19844870,358.5,1344830,1232750,71943696,2925129984,18855818,716382,112764024,425861,1969690,16413515,856196928,677677,2335214,231290400,3904780,2699804,1954688,11570533,1468693,199037,246701872,52938556,1842,896399,336770272,4358082,10674967,141878128,266033,1637917,56287788,6557378,317253408,5466037,3580032,185057,860462,5063625,214311472,509980,2498350,1067895,2373456,574955,23790948,169012,969418,1719097,116903,4785796,41031,15513157,603561,8109906,452926,107562,358.5,566143,36836476,9798488,1943917,43659064,41551544,770305
"160711-48","tumor",35455224,119786176,13885468672,2769376,11805963,5677216,73866016,27146482,12630,145306848,1143216768,543032128,10579941,30747356,490208864,491693888,195347376,1044543,123963056,6699644416,8990495,4563510,21242324,19860020,4015184,299443776,599819008,49671844,17480972,9153897,4871374848,222002,2099222,388332,113072792,300434880,39088152,7259,525931104,1271734,576005,2363924224,2070861,119736,62258164,15816244,108975,2152510,1135145856,4663518,21493068,903399,1057695104,92745544,940228,425948320,165392944,594320,8847630,331581248,13065090,1548812800,24376080,569888,2728630,313163,357756,32790850,3814293,191361,26137692,358.5,2930539,218744,31946472,1818867712,11578279,615455,107615440,912206,2844723,8017150,347468096,507813,3486205,48595948,2369763,2281045,1633532,19840214,1244140,778222,192779456,46550756,4654,1594607,230378544,4379558,8400542,126100072,29467,827697,105251984,9128515,301801888,911852,1866063,318595,853822,1882432,91085320,50765,913255,346175,1187364,72756,9245196,482424,663990,1782952,55068,1962382,93261,3536536,15005,6535916,624899,169620,358.5,552207,32011216,8580301,1636116,32620994,30602848,242373
"160711-50","tumor",21154268,98116688,11764343808,17757998,9396208,8518728,55368812,39617576,18308,164562064,1012889984,301953952,8704016,11175492,312681920,583268992,223738496,775815,322321888,5445794304,435806848,1920687,94601576,26336698,6615134,210887680,330611232,34363688,19369776,6772231,4251885824,241176,440703,263646,99612216,163643424,29135204,258142,213165248,1205435,314374,2082851968,3310014,153675,47982724,12907585,296058,1147599,780689856,7214568,6529940,13840264,1277043200,386271328,2127816,451313280,246710704,400516,2462141,188560464,19100624,2252932608,43100628,841208,2914480,180775,363079,30091708,6077230,841231,39391844,358.5,770300,581955,43600300,3285449728,15658944,1787822,112943560,233375,7484353,16838990,657565120,907919,1709540,188209456,3205264,2590420,1980265,15637046,939552,256120,241002144,71587800,4306,1108521,324815776,1285370,30458274,116290336,65121,1892708,35847604,5178894,162604800,8656110,7295462,371706,593742,4636629,360548352,592079,2823546,3046342,8602325,2004134,37667528,149115,486636,2660883,188998,9455698,11117,11545085,867097,12902829,1227011,179230,358.5,438274,42533016,13568535,1940690,35590336,50486860,743013
"160711-55","tumor",23986012,92137016,12496131072,12872586,13158259,12056617,87817152,40258012,24643,200013504,1316771584,253229232,8697952,24990488,421289792,539491264,235032864,5485122,196762608,7136910848,21372798,3735430,85429992,22104516,9791739,447315904,480021024,44152116,14825778,4822642,5593758208,856396,777289,278224,48939084,219989856,49557124,636002,377358496,2727132,495557,2757678848,2976792,6173,65409064,20700208,316797,1118954,1086319360,6037481,14375176,2085816,925588800,664329856,5161651,650432448,165050608,312466,11127963,286238816,22003322,1598919808,35274576,2521773,1788867,184489,730365,36224764,4191915,1936069,5398498,358.5,2061030,469406,48506416,3407635456,26446416,752934,141584768,321175,8116326,20423172,470297280,627579,2414605,171980672,1948502,4819017,1459948,17291828,2114820,2002160,407011104,161957104,5678,6346831,172281456,664623,13126936,132988608,358.5,1269998,112535336,31451868,113323400,684095,2594304,60695,628147,9509941,614847040,225281,4893241,3596,340061,167258,75542208,483092,684078,7829868,363761,14033408,14317,3717922,1522077,9726602,2097476,144281,350334,702894,54656352,17011592,2752222,29116192,25071822,291803
"160711-77","tumor",33032684,100279360,12866377728,10211038,13375107,6358070,73560088,62938664,13424,199426368,1159249408,519701472,8559351,38922812,362399488,536984192,263778320,2757215,321839744,6987246592,16148540,1635476,92352208,21111642,8335981,535971008,420764928,42140552,24263584,3384979,4907932160,713809,1319665,287409,195480960,157872272,35773480,1206567,250627136,2737484,261291,2447065600,3221121,80799,57841552,9684396,569793,4438626,919804864,9571687,9026400,14316024,1703189120,994210944,2979892,541111168,229359312,351600,8291120,436828352,23198590,2374219008,63850612,599366,1996433,320163,1181521,30232020,5427171,1338240,53009468,6486,2418024,1332640,52840772,3665198848,26017552,1955490,139086144,591794,8165438,14306941,715978752,746331,4365259,332410272,4440328,4772640,1679565,18858542,1722431,305459,312927168,83611208,6581,571353,246163600,1225219,10349868,184164352,146410,625526,139483792,12022188,155116320,2199284,3231048,171529,877871,3798824,210502992,1025517,1773557,209784,1507058,190043,23000004,185809,904628,1754428,14029,7067956,91866,8468253,148621,10169239,1334712,151336,358.5,603601,60370704,13641174,2107173,35677616,32152504,240850
"160711-79","tumor",19689576,45605288,14455636992,34712416,7573012,8124508,76089968,57404756,11193,218036720,1468018048,395395168,7154462,42666316,386099776,849944832,295077376,4948002,157897056,8047188992,12590321,2246744,89366008,21360106,11860516,594583616,520360704,42830728,24057494,2373710,6396239360,658770,779451,362608,101506456,172044032,34649064,227808,300369920,3133407,161204,2501347584,2691308,28886,62564088,16502268,432921,1070848,871057792,10514600,8595398,22012300,963930432,351952736,1606020,724425920,206615152,378615,11763252,344879232,23691300,2712284416,90373072,873062,1491918,203172,304524,47361304,5386494,1907661,68954832,2691,2987204,606435,57727620,3774767616,25996718,1987674,155479120,581281,14895354,18889502,726919424,420896,3833647,354285408,3464698,3926448,1030667,17465258,2326840,306606,256350608,83582520,1345,3172072,202339856,1044091,15437656,204553200,64373,646207,141102608,15662475,134823520,4701909,6437498,179036,1195042,5466376,270731712,548271,2694426,356645,2242561,656919,31276612,175373,698906,2149458,91563,8585949,302711,13480324,653484,11930075,1854629,169080,3981,874533,67721048,20593062,3044120,46998852,38935556,443755
"160711-80","tumor",44459280,49853068,9071789056,3568080,15894606,6721424,40655808,54364040,27145,125767976,749435072,407768064,17059686,30447050,273956320,574565184,127603368,167209,266007136,3218290432,10645724,2626470,101896696,30330168,6302130,196285536,219556224,17049948,27409230,2551722,3073540864,449545,1862358,146759,143751200,77202336,18374820,462583,115987216,1001291,1651200,1754739200,1796338,140799,22593640,13961387,574873,1507592,560803456,7488015,5826233,1985053,5907242,444292992,4494196,1055288192,166666912,109329,1203572,114076032,14276804,23338,23314994,760813,6435566,1250362,1007251,19464128,8986343,716618,6095064,5486,491902,722844,28439020,1684975872,6156636,685550,151751984,190511,3798673,5272881,456461696,45897,5206728,105551680,2400740,1820175,1159104,11182098,624487,13587,117617952,26116488,1449,1195262,245222736,332393,23192474,39460204,159706,734008,34555472,5799286,141915280,7510222,2628283,160346,305404,4196920,23756764,176287,1837039,2972476,592594,105250,1965249,240344,364532,32555,6972,156620,95848,1698301,358.5,5302639,143823,11596,358.5,167469,15062758,2377816,361109,16542588,13747381,288643
"160711-81","tumor",20746160,118498864,12274703360,6969456,13322991,5529465,80511536,65803568,11488,189629504,1145306368,348040992,6134960,36474488,349236288,457010592,255622416,2127496,233255616,6902002688,11105538,3210291,88110376,18950224,6574166,418407168,403847360,48827728,14922873,5706357,4748124672,461648,425953,199318,115681208,223004464,38784272,616384,223606672,1810106,290997,2379525376,2573900,21766,62356416,9853451,196853,1804957,921569856,3663808,6575612,18750886,702966976,114530024,418864,305032000,176596448,378963,5566158,333518592,22614846,1089810304,20331794,802621,1420818,1003620,672602,35149120,5353263,694748,66597248,358.5,4634490,319781,83551272,3090958080,16200191,1599905,100951520,1369955,18008958,7964055,4164637,972116,1537876,40246032,5531245,2897680,1947189,10052544,2052160,849005,276524832,124573264,1505,1974989,189234112,3962350,12251750,126901904,30947,1136044,80714448,9673677,220488816,10458333,8002730,132917,674403,7930290,272212608,620524,3617318,1387595,10235964,1057447,32307214,308159,821088,2640055,289862,10885562,28233,8564064,1063742,7681833,926736,190873,358.5,664591,47820392,9849370,1989102,29956830,42923956,384305
"160711-82","tumor",16293592,85958240,12010233856,12130227,7699295,8005594,52205368,46432720,8178,142203200,1294572800,363179584,6171431,41654808,334988480,483517376,185064368,2015260,189939104,6635418624,7798924,4023919,82844472,20534784,7912994,256395568,446192064,36967020,21919582,5793151,5648723456,538315,663605,177905,133898240,139074816,30917146,463132,214714320,1349196,219049,2283072768,1584398,398925,51374216,34207988,275242,622264,885371008,4380424,11792490,4073208,975779392,426883872,5209890,501976288,142789504,315152,6170144,342361920,17590938,1512767872,66910320,794304,1978317,228319,135671,23055382,3857254,457392,28884838,358.5,1045827,981303,59726064,3272990208,24988720,2696475,107300328,860413,16649889,19529630,1783223,41892,3181492,489983296,3304616,2594058,1990780,11102037,1468667,93439,287073760,69043960,1801,623840,190318864,1520145,6423992,662452,27575,588010,71233584,7458060,253015776,6216396,6948132,519169,972921,6257460,271853760,133641,3408759,3698190,7477432,873052,34619660,96953,913970,2352884,231332,11098244,18402,9447186,834470,8373364,1113391,174502,358.5,678476,61891948,17570646,2391360,41278540,47475048,514350
"160711-83","tumor",18786310,50334404,6738980864,22405996,15668129,4645593,39803632,1007408,25443098,71899768,392852928,218876336,15455948,16611612,144867072,408207840,89280824,27012,203535072,2613359872,1130253568,502499,91906808,26367274,3392409,116879512,348012896,22878188,9880959,6780562,1568333952,14716,1774934,98529,83561256,74575808,15619575,1446140,112411376,347637,430481,961632448,2509946,392132,22454824,17620824,156652,2738790,650742592,3306238,1464177,527517,1233775,46468884,412234,172987584,87782384,107645,3857397,203036800,4516116,100641,5306132,5212,2877140,1127987,3069221,5240864,4431544,199950,6993394,3258,515961,434592,35127932,1362343296,3027501,427385,71080584,211600,2766524,3426321,474258752,238951,1662009,34022516,1739186,821310,503614,1083124,590010,23053,94104408,50331680,31571532,36655,165653888,4110895,9162454,35108284,228728,901008,43550436,3716964,214602416,511033,1160196,50639,353561,800341,52603916,325975,471326,21147,589410,6142,5194323,282320,525403,263850,15972,425412,1938045,2266248,358.5,6526129,689795,101474,358.5,155961,17004238,2040438,453134,8020958,19317256,61095
"160711-88","tumor",7902544,488973,282529344,6407452,10133550,11097351,162451,1657907,28801,606324,6450780,4213334,65958240,1963231,711447,353652768,273072,785,276200,9809681,848259,63780,94280408,30510280,68853,570925,509107,91345,3057412,12030,18927634,358.5,2732158,12394,10155590,586869,152077,358.5,1429630,48459,1023545,825753,2020832,552489,135712,18202484,5680,680442,687205,1167135,135207,5839,8636,362211,126949,877138,12173980,1070,58094,1485120,91864,10964,12033,358.5,2795754,478789,57836,392142,803457,3162,11000,6800,2236,24411,802572,65370052,5950,7774,66084,5152,9687,8941,1808199,358.5,358.5,20107,5741,358.5,6515,7049,35728,358.5,331560,33881,12587,4336,75101,358.5,358.5,309714,358.5,358.5,358.5,358.5,31555,4852,358.5,3270,204035,358.5,13182,50919,14857,358.5,358.5,358.5,358.5,358.5,358.5,358.5,358.5,358.5,358.5,358.5,358.5,358.5,358.5,358.5,358.5,1849,358.5,358.5,5088,358.5,358.5,358.5
"160711-90","tumor",7979586,40669,116577184,2949268,7755743,9708559,14117,684890,35253,103172,5207088,2702639,31473620,4277596,217341,352059296,5709,717,403968,16910,754630,19637,95984168,30192630,10834,133854,135582,12548,2765347,2964,6155974,907,1857899,3883,7843541,11757,4739,8450,621495,44249,1344685,5308,1254953,719052,2944,18454850,4813,119912,154562,553642,255894,18159,4869,254162,184135,15276,7914454,1126,9281,1465746,25221,4850,15230,2055,2207080,324912,55025,184152,592657,3721,358.5,3105,3092,5061,661722,34868880,358.5,27069,358.5,358.5,6000,11969,4058181,358.5,975,33762,6145,1925,5512,880,8045,358.5,5878,3913,14434,5900,358.5,358.5,358.5,141400,6410,358.5,358.5,358.5,12697,4862,358.5,358.5,61269,358.5,6991,44941,5150,358.5,358.5,358.5,358.5,358.5,358.5,358.5,358.5,358.5,358.5,358.5,358.5,358.5,358.5,358.5,358.5,358.5,358.5,358.5,358.5,358.5,358.5,358.5
