lipid,group,LIPPOS16JULY_02.M21,LIPPOS16JULY_03.D7_M7,LIPPOS16JULY_04.D21_M26,LIPPOS16JULY_05.D7_M27,LIPPOS16JULY_06.D7_M23,LIPPOS16JULY_07.M3,LIPPOS16JULY_08.D35_M4,LIPPOS16JULY_09.D7_M8,LIPPOS16JULY_10.D21_M3,LIPPOS16JULY_11.D35_M6,LIPPOS16JULY_12.D7_M18,LIPPOS16JULY_13.D7_M25,LIPPOS16JULY_14.D35_M2,LIPPOS16JULY_15.D7_M16,LIPPOS16JULY_16.D35_M16,LIPPOS16JULY_17.D21_M10,LIPPOS16JULY_18.D21_M6,LIPPOS16JULY_19.D35_M12,LIPPOS16JULY_20.D35_M18,LIPPOS16JULY_21.D7_M10,LIPPOS16JULY_22.D21_M5,LIPPOS16JULY_23.D21_M7,LIPPOS16JULY_24.D21_M21,LIPPOS16JULY_25.D35_M1,LIPPOS16JULY_26.D7_M19,LIPPOS16JULY_27.M11,LIPPOS16JULY_28.D7_M12,LIPPOS16JULY_29.M20,LIPPOS16JULY_30.M4,LIPPOS16JULY_31.M22,LIPPOS16JULY_32.M5,LIPPOS16JULY_33.M13,LIPPOS16JULY_34.D21_M15,LIPPOS16JULY_35.D35_M19,LIPPOS16JULY_36.D21_M24,LIPPOS16JULY_37.D35_M23,LIPPOS16JULY_38.M19,LIPPOS16JULY_39.D7_M21,LIPPOS16JULY_40.M1,LIPPOS16JULY_41.D7_M20,LIPPOS16JULY_42.D35_M13,LIPPOS16JULY_43.D7_M6,LIPPOS16JULY_44.D21_M1,LIPPOS16JULY_45.D21_M2,LIPPOS16JULY_46.D21_M23,LIPPOS16JULY_47.D7_M13,LIPPOS16JULY_48.D21_M8,LIPPOS16JULY_49.M27,LIPPOS16JULY_50.D21_M19,LIPPOS16JULY_51.D21_M22,LIPPOS16JULY_52.D7_M11,LIPPOS16JULY_53.D21_M27,LIPPOS16JULY_54.D7_M3,LIPPOS16JULY_55.D21_M20,LIPPOS16JULY_56.D35_M22,LIPPOS16JULY_57.D35_M10,LIPPOS16JULY_58.D35_M11,LIPPOS16JULY_59.D35_M20,LIPPOS16JULY_60.D35_M3,LIPPOS16JULY_61.D7_M2,LIPPOS16JULY_62.D35_M24,LIPPOS16JULY_63.M16,LIPPOS16JULY_64.D7_M26,LIPPOS16JULY_65.D21_M12,LIPPOS16JULY_66.M23,LIPPOS16JULY_67.D35_M21,LIPPOS16JULY_68.D35_M27,LIPPOS16JULY_69.D21_M18,LIPPOS16JULY_70.D7_M24,LIPPOS16JULY_71.D7_M15,LIPPOS16JULY_72.M26,LIPPOS16JULY_73.D35_M26,LIPPOS16JULY_74.D35_M5,LIPPOS16JULY_75.D7_M22,LIPPOS16JULY_76.M10,LIPPOS16JULY_77.M8,LIPPOS16JULY_78.M2,LIPPOS16JULY_79.D21_M11,LIPPOS16JULY_80.M12,LIPPOS16JULY_81.D21_M13,LIPPOS16JULY_82.M1_D7,LIPPOS16JULY_83.D35_M15,LIPPOS16JULY_84.D21_M4,LIPPOS16JULY_85.D7_M4,LIPPOS16JULY_86.D35_M7,LIPPOS16JULY_87.D35_M25,LIPPOS16JULY_88.D21_M25,LIPPOS16JULY_89.D7_M5,LIPPOS16JULY_90.M24,LIPPOS16JULY_91.M7,LIPPOS16JULY_92.D35_M8,LIPPOS16JULY_93.M6,LIPPOS16JULY_94.D21_M16,LIPPOS16JULY_95.M18
ACar,1,1394122,1322222,1217965,1404923,1838233,1643331,1530853,834159,1073377,1252097,1499144,1752876,1324588,1674502,1427824,1375403,802226,1167696,1849542,1209599,1637857,1027084,702658,865718,1882506,4809809,903668,805010,2956138,2636384,3481813,1403582,1019439,895169,1393647,1168592,3757708,1460076,2387577,1791004,1306276,1549453,1266478,768592,1619127,1164933,781505,1540941,1315459,1641024,1386272,860030,962338,1405674,1000508,809122,1703187,1508623,1041127,1280259,1310437,1883143,924949,544518,1200720,1326357,733768,1217972,1043463,1008553,1957035,864304,1345150,950365,4173387,3644766,2059691,1073554,1789993,1329524,1024979,1137790,925997,1367627,914408,1264705,685590,904430,2011984,1437286,987540,3673007,1208798,358491
BMP,2,73352,1286,760,1804,18403,488573,21409,1379,1668,20638,17754,26278,21794,12470,23768,18129,9227,13984,51511,9690,13597,10887,7464,14609,1817,674444,19222,100738,356451,376436,583475,236809,1314,27653,767,1196,376918,1442,297803,1376,987,2407,2580,1021,31648,14802,466,162151,846,2859,1504,1017,767,12421,1281,1048,3015,2135,1155,1651,12483,292493,1928,755,91397,964,1265,1812,2452,1220,372497,1000,1828,669,473991,439593,268455,2503,145995,1425,1552,2783,1171,2593,1303,2416,774,2247,418104,240087,1399,499926,2194,645598
CE,1,91865,1805961,1442339,2423449,1396543,39595,1438662,991223,1635904,2473155,2894734,2823140,1659077,1283248,1585701,1449733,786175,1059287,2568250,1684158,2312927,1428349,1193241,2100910,1883296,276163,1728551,18410,172626,9849,46235,37971,1348396,1175250,1369217,1751544,146779,1769961,36122,2185208,1100746,1731900,1248959,1430769,1364073,1805512,1472203,13635,1470345,909975,1703350,997795,1215697,1964051,1487622,1672307,1592580,1205791,1051607,1610698,1137252,130388,1086247,1416516,15533,1125023,1248538,831416,1546468,1617130,18865,1091330,1080439,1294148,47020,37642,48074,1279732,419223,1690136,1191329,1745353,1601342,1587225,1014895,1161067,1099297,1825215,108180,61145,1413891,321027,1673580,228845
Cer-AP,2,985,0,849,869,365,33135,301,304,306,588,0,258,117,663,161,372,239,64,105,407,106,70,97,125,350,4180,444,856,23455,36252,111730,56369,64,63,295,153,789,39,88980,288,258,409,0,56,351,256,0,60958,421,244,106,90,85,127,197,221,806,175,70,619,231,32277,328,0,4030,258,716,218,157,95,53631,1209,91,92,1023,35026,3316,257,801,239,188,0,747,518,141,668,85,600,4129,15659,111,21890,107,9921
Cer-EOS,1,146194,8577,11517,6709,18851,382812,10288,8664,21485,17455,8387,22333,17490,33405,18782,8834,19544,9154,8092,13087,12666,11794,4118,8524,24676,98015,9932,198226,233712,229453,543014,264361,23805,10332,29241,13539,276818,11201,424278,6516,15033,18360,15283,18895,13051,13054,2491,347176,7077,24742,10975,22174,9282,19291,20698,7041,13821,9399,18104,15085,15973,364411,35201,13230,270337,23400,7706,17153,4343,16831,266793,15686,14551,2161,260425,286045,344773,14359,154380,10388,19443,6637,26666,16907,6977,19509,11681,15779,136113,142028,13759,247844,14335,36889
Cer-NDS,2,189375,330262,206562,268895,313424,202075,306566,221185,278063,320652,278298,402027,402357,233243,245725,250727,231540,286309,305640,286665,378551,275336,243840,185746,296822,696811,238655,104379,529973,169717,208793,117160,301537,190197,290031,269144,246168,279093,215026,278723,221373,146341,192956,220955,331556,208331,214487,92166,247973,148948,242900,209271,187293,263390,228006,221617,253823,308909,254582,207049,328620,210464,154449,187751,84633,339800,197665,249758,221576,212175,118836,152725,236748,334304,132574,120610,92142,243613,374833,272690,149335,175103,170008,182414,195484,236821,209437,179337,429676,231511,207743,199760,263135,22780
Cer-NS,1,1303238,35315,27901,57154,50137,1789458,28750,40480,31056,52380,41117,66270,43762,75158,39037,36431,21031,34952,50041,37110,44726,32159,22612,18978,78295,4904679,44871,780370,4036621,1456564,1648481,1254383,34446,31396,39973,40136,2477352,39187,2003520,59339,34017,53225,29087,29346,44165,48488,17759,1033463,26310,45653,25955,27197,23036,37430,46883,24768,67866,36853,24027,40561,46269,1712743,45465,30292,1009806,56522,31832,28456,24835,50470,1353643,51030,39815,10326,1247408,1224734,803113,52543,2769789,40007,30827,32281,31496,46910,33308,47137,23241,42387,3404082,1493726,50621,1696219,40472,237949
Cholesterol;,2,6140,24039,29379,44995,50085,6183,15997,9504,28971,45121,44539,59107,68416,41718,38274,34719,11997,17514,27423,22003,28383,20680,19745,22793,34644,16494,31607,3946,8058,17451,6415,17817,22895,27811,27127,32522,11387,28337,6918,23241,26026,39392,22367,34662,30328,23586,16755,3338,14011,18648,24628,29739,14802,23019,42809,14998,42539,22138,16005,14371,32309,4053,31725,18289,15417,16524,33097,14339,13202,35083,15236,27298,21085,3177,14329,8332,7579,23380,9107,17345,24465,26018,14171,22277,22095,25681,39589,22959,10883,9048,21722,12209,26443,721607
DAG,1,4611821,91955,142952,97426,230367,7414455,151595,145368,198664,211977,146502,274145,205854,305855,225367,307013,194086,117583,156769,185692,132226,147000,79910,104172,444839,6468708,132460,4373566,7918345,5344969,27822568,11218698,238586,100578,244150,158283,8281416,282671,14416473,121776,347175,188184,281966,196937,345077,148097,40679,11953937,93358,248147,285209,287022,96932,376729,229071,87360,235251,138373,151397,313723,209568,7289626,401733,162466,7255474,248312,104686,202827,72686,155797,8967488,178124,375980,35598,9792726,9624279,8791455,175741,4988123,123206,168058,200581,255401,172484,96945,354836,121943,156012,6178593,4656432,181619,7028083,214068,2330777
DGCC,2,1032487,318009,171548,262945,229947,1108666,218369,147245,178101,202977,202744,359196,269573,196374,219742,252297,111648,263427,300859,172468,311779,145012,164572,152362,289682,1932022,162394,622986,1233103,1074378,1336340,1432445,169499,166742,219161,170289,70382,245414,1136912,198075,212847,198980,194416,145379,285856,180889,128867,1329107,181095,168659,226881,104820,102313,188541,160991,156392,329382,274661,174299,185439,258266,1103603,166779,122419,78019,295455,148612,191226,144908,210362,1456401,155047,275593,248236,95441,74574,1208125,169546,914868,258561,115614,177072,158547,215934,157126,224794,131654,122694,1177913,1076243,170332,1829981,212552,68154
Hex2Cer,1,142181,582,561,1109,508,218580,1476,751,908,880,652,797,712,1794,619,789,791,450,1355,912,1175,986,1015,1126,1766,113373,1092,84080,149181,28908,202847,68404,996,2493,830,1193,367017,1345,228780,863,1085,1568,545,535,1642,1026,375,202460,879,1853,766,716,368,504,557,817,1492,533,768,548,472,246608,303,285,76033,1494,593,521,847,1191,124499,1195,506,457,89507,59651,211179,1270,159549,404,636,566,355,335,752,1413,1321,858,91993,88995,748,300529,1752,38150
HexCer-NDS,2,54432,288,911,170,175,65603,1030,221,414,592,543,427,361,917,332,361,32,309,167,402,537,101,34,280,859,60807,270,17714,96927,14594,63146,19914,192,175,383,402,118597,313,74915,627,367,976,71,541,47,605,397,20281,184,661,57,118,488,84,843,108,501,662,111,280,939,46249,353,81,21190,294,198,277,349,203,44410,377,257,87,24462,26201,34423,776,102398,282,71,129,95,398,481,198,150,270,105673,79784,229,37049,117,12528
HexCer-NS,1,406975,32994,23938,35868,32040,449223,21974,18586,23242,16901,41066,68153,17009,62317,43245,40776,10673,29410,37530,21062,49048,32728,18568,37159,54391,440811,15092,230772,276930,198155,616846,414255,17770,33136,33530,22936,540080,25466,371671,16224,13799,32868,29675,35149,41036,45410,16765,470217,17263,26419,18520,9030,19105,22426,29321,14237,46914,26573,27603,45149,29052,481688,21704,18859,184993,28191,23618,32290,17686,38922,455904,36593,31603,5287,255370,259960,428240,34518,326349,37258,25779,19738,32831,35787,23073,36309,20354,28950,313355,292964,29991,723478,28173,24215
LDGCC,2,2642,47494,38446,4979,6779,1366,10893,36531,5136,7546,8629,63364,22716,6965,53743,11228,8043,31594,14303,6707,39671,4255,42690,36667,15401,17760,35283,1510,13604,3763,4229,5889,9750,41121,6002,4030,2831,11955,2055,42906,7731,10417,12360,34893,11376,5555,13399,11155,6957,13878,8789,4898,3127,8036,3079,34379,11786,27310,21138,8510,37597,5573,35701,26484,7893,39576,32967,23311,6746,28370,2585,3173,10401,40884,5571,2710,12129,8657,5122,23131,3937,6215,33037,18911,6225,12167,25430,32620,14513,9344,5958,6455,10001,6729
LPC,1,7912250,50797506,32451814,39500699,46185633,8098261,31678254,20113670,46821128,62653626,46387895,70968419,58556101,59013170,49848755,42442078,38391691,36929157,63451947,45674855,74900453,51068201,19585993,35620690,47016598,21223571,47683877,4408471,15903343,16961968,14189421,9424234,49372436,38232124,42680393,56668781,13152987,38519973,11398196,42291147,33793917,61337126,41375812,50485183,40870872,36406092,21982286,9428893,33996805,42311638,33792554,30982856,34921765,39936827,40621295,27724484,73420652,49292040,37430732,48344085,37779940,6196267,43747495,31131403,8784095,44364924,38964855,38470055,23914444,47658829,10943465,44658605,41593331,10327537,15709110,19342777,9281198,51876195,8370700,42606992,34538708,37893409,41240280,57199649,29592707,44562500,29759378,40124291,11390839,9279176,42991740,15732715,44753547,389487
LPE,2,550127,530281,321273,501207,520831,683860,374636,241365,524034,656980,402700,788923,796832,683613,690715,337500,377338,422086,731663,489219,752511,407017,205894,411140,671049,1762210,569199,300918,1599966,1169122,1047219,696395,540651,481601,386699,553965,921321,432089,762325,367765,339556,630803,381551,542105,460198,383881,202141,1022273,355257,355239,501857,255714,425833,423455,456369,323791,903686,512106,459072,596339,450825,551034,450789,371949,879302,579296,399882,387245,214355,747318,838689,429053,615332,86776,1038823,1080291,669518,494773,1063741,442469,418543,436684,473474,561085,348546,486073,306470,369895,1040203,567092,488902,1066907,600749,101190
MAG,1,1677372,3902527,3031047,4168159,4108504,1028340,3758900,2687505,3554469,3649800,3117421,4391685,4227973,3558693,4200120,4661922,2626176,3536817,4703178,3419181,3917540,3163646,2432488,2471098,5069330,2414126,2208128,1238828,2033193,1541594,2171812,2297878,3268963,2151010,3741468,2733789,1853581,4205781,1496076,3152019,4034650,2816879,4336897,2590262,4314987,3295362,2324983,2196559,3325375,3311857,4326565,3048341,2943893,4510454,2941559,2435990,4687178,3520535,2950773,4408943,3645791,2091017,2883058,2157424,1912377,3968287,2694383,3144090,3254871,2981717,1863608,3273529,4237231,3164629,1736073,1911614,1291472,3161195,1536769,3760402,2299759,3819435,2797971,3837580,2537516,4223148,2460618,2480212,1578459,1084669,2639359,2411816,3474921,134220
PC,2,148445359,103628209,117196872,110472929,143836885,258300631,93102469,62764520,128874489,172814301,116375313,221555508,188579195,133807538,180569836,122471698,79805194,92865849,190602637,109510137,143840739,101718649,61250359,138331498,133942249,496527103,122256947,148370760,346635493,381029631,325533026,288217176,133447247,118804113,144599979,92459502,263303839,74736073,246210744,109632895,98315711,127338438,119679412,140943365,123686752,114611166,55442850,229494936,86795526,67143977,96527190,89982244,60712509,109261027,140212653,54874525,110208858,136244142,100319065,106704690,119199215,246334971,91887717,89274440,163523452,68956287,122414943,65665196,57367461,83042189,282502396,73152896,141202571,17588747,334029178,317511282,228352826,124842336,188514592,80070068,95118146,145603170,83667770,97875296,55826298,132715566,99700079,104447038,301449656,210059310,130283127,344584910,162518129,31543455
PE,1,35102165,1173787,822974,1791553,1105089,35546074,855750,864152,762891,871933,994904,1536741,886407,1382105,908157,973183,573058,619540,1101357,869568,988592,651187,580023,769738,1119167,79565662,973867,20759894,47407704,34137465,62320722,55354863,756418,932498,780612,1037923,43583966,923574,40443410,1181534,737971,1205856,501441,778597,908150,944278,475061,34916569,656741,820472,629215,675410,486311,623610,1036601,493961,1572738,935630,678519,881695,1059441,47668162,996642,832724,28705595,648627,701554,694376,919649,900111,53961883,1163843,921319,123487,44983549,43470499,40334202,980023,33974906,757127,826647,711175,694319,928258,700875,910595,701932,1169283,34271863,43402910,995137,57962584,1243473,6215502
PI,2,1883574,78166,278600,362761,56999,1497705,52789,43201,451163,84406,63037,46625,90488,67128,42991,78347,38912,42042,34068,45381,93788,58263,43484,455777,81451,328002,32959,160051,303835,267715,1878184,193811,39926,41798,48596,101217,1952590,345803,1634335,399224,250071,569714,396993,51954,36204,484378,34902,331847,260170,250265,348893,236867,274381,59785,413835,309125,548427,347708,216915,83092,34595,247746,501187,208032,930591,263864,450432,212628,78413,383845,1900426,290440,242594,26177,1065677,1020336,1291246,428037,1220052,352685,110609,460125,366879,494718,236929,421885,314667,62584,1657615,1580682,59964,1648569,509551,533172
PS,1,6237426,99858,255211,717536,76096,6908757,72544,86429,78191,58391,82776,122922,48715,83937,75701,74995,42024,58098,111706,66287,67674,65310,80998,54613,81121,8854937,82201,5106237,8673109,7202122,11500364,6955352,50972,77035,66157,207218,7010612,443628,7386104,169720,243757,422027,200958,54064,72572,51823,29935,8275179,118945,150027,171889,91583,205633,48270,174567,153841,401599,218182,121694,196546,101594,6374567,109660,219196,3339213,270432,172207,171554,248190,277055,6306443,285200,154293,222936,4077389,4655688,5953753,270998,5131829,158197,56391,64447,191327,184530,149980,166315,334027,101302,10411225,6116666,180396,6178589,173918,824864
SM,2,60153541,9526488,6946418,11272165,12839347,53009774,7232431,5129848,7109411,10849377,8855819,17492059,8402322,11618991,11375762,8992350,4949475,6027541,11916324,8424602,10015995,6922396,4657983,8512466,9364620,79000818,11376070,41994514,64875525,55625409,73136924,62303234,8705489,8517048,9359014,8125099,49957775,9295043,60985352,7306060,6632151,11390050,6903902,7369296,10105388,9454457,4277671,47478690,6306611,5692480,6781810,4218752,4259863,6344777,10237327,6213980,14241074,9099537,5960556,8337117,8779325,50767423,7974079,6745279,47076739,7003061,7511335,5033290,6136358,8145730,55660827,7625123,7767297,1341217,49049173,48821142,52499012,8696225,53229795,8009887,5825632,8020888,6479260,8178143,6237212,7863357,6339483,7846551,69528485,59321566,8540339,56572864,8470291,5523917
Sphingosine,1,74641,5476,2486,1932,1879,143165,2967,7664,1307,2362,2811,8763,2768,2194,2602,2830,1256,2311,1295,4267,1979,6079,1133,692,1935,796598,1697,52273,237782,164947,157153,120064,6871,2737,1609,1535,199410,5266,132537,3472,1449,2545,2583,744,1375,1255,984,49323,3024,2108,1168,2113,1144,3562,381,782,1816,2985,1338,2072,1208,119351,995,1826,107199,1000,1096,1088,257,1151,124314,1313,2955,585,159720,159438,122092,1642,168882,1476,823,2273,229,2539,1759,573,2034,1924,494241,101796,4177,95418,1127,4759
TAG,2,19055654,2530942,4180000,3746455,5202828,18687157,5984064,4980674,6329381,7952222,6189838,8273578,8292422,9720445,9906482,3193139,4439001,4163701,6150853,4983066,6773000,3291916,3547518,3866767,8884537,22031385,3185262,25486968,22010850,11711301,21553349,36659718,5859384,4701776,8136712,3084346,22325781,3272442,23562942,4673967,4272664,5138809,4383148,6011793,3868217,4319946,1368995,23150123,4728702,4609058,2909664,6054348,4028424,5742085,4376137,4052247,3410920,5349561,5432794,6026383,5091559,21289242,9781668,4012492,21788270,6785494,2875785,6912500,2565596,5556422,22842070,4354904,10115388,2412706,14536251,14279697,45324765,5690528,121464668,5204589,5999093,3309571,10112365,4694913,2813758,3624596,4805067,4317122,24045573,18806948,4039781,19779110,8164586,3833867
w/o  MS2:ACar,1,169169,465140,303625,402507,432583,247551,342145,285112,345463,371660,409541,690502,477318,380209,415307,437791,301925,413702,469315,298498,552881,285099,305004,262708,596959,210478,304521,126594,155348,121141,269140,216783,323386,284380,346434,362197,155725,470353,144085,298317,489468,380712,412794,255022,484416,360325,216130,223676,301842,2502868,413689,278190,249873,387911,356278,300193,521980,469814,308591,411185,386563,243057,286343,194866,193090,535985,285267,333092,234754,285814,181160,226893,448174,354495,795950,142077,130930,337492,212539,480219,228647,357086,211926,385746,257607,499491,268320,351090,134006,129628,310210,186050,371445,111424
w/o  MS2:ADGGA,2,72,222,70,24,152,104,134,59,158,27,34,126,49,0,32,121,27,23,136,70,192,50,88,320,114,121,27,48,26,133,73,78,44,87,177,0,28,155,114,71,395,62,60,44,249,53,29,22,78,42981,137,64,94,182,175,85,53,113,122,59,388,22,98,93,22,27,32,62,75,22,24,0,141,71,51,45,21,66,33,67,144,348,196,155,86,43,98,66,55,68,73,27,54,26477
w/o  MS2:BMP,1,36829,229,209,207,377,37111,256,219,405,338,379,1545,695,180,257,902,424,260,247,319,634,809,388,355,425,65615,659,24992,21640,41438,87020,30132,198,94,317,200,63341,496,52579,161,184,861,390,425,850,395,279,30522,526,1796,148,426,414,392,246,490,242,159,255,375,206,61240,303,187,22915,419,61,180,305,216,44218,289,297,193,41337,66614,46426,336,27430,271,468,586,199,163,119,630,172,620,13028,29536,213,61558,160,18875
w/o  MS2:CE,2,228660,23389,15229,29497,31181,370763,14549,18522,16071,27832,23761,38832,26461,28326,21421,29718,12120,22990,23560,19502,24842,23127,12068,11156,24164,1036379,19872,119211,734313,285722,514237,213067,19227,16377,27792,22450,610649,20671,433198,18290,19370,27142,23036,14725,25020,21138,8788,110370,10005,12416,13424,18456,11625,16463,25864,12278,30416,17741,15069,18889,28021,305940,22928,17852,177882,32665,15437,17911,12065,24105,264460,34004,16312,7318,287902,304534,190203,32784,410075,18838,19705,13972,12988,16229,17895,27658,10250,16195,786111,263965,23846,300671,17533,71124
w/o  MS2:Cer-AP,1,30471,8874,12500,12587,14445,53628,8046,7017,3364,6317,8862,9217,14272,15553,6533,24458,8244,8049,13110,3247,10141,3564,3828,4423,35067,134232,4015,22831,35064,98463,61558,40687,5724,8720,5150,6805,57567,23712,47597,13673,14841,7362,24455,4207,27889,4304,3659,48481,5304,69721,25164,4481,3932,10806,4807,5324,14550,10377,3719,15699,6112,43339,3805,2737,33985,8283,2861,8160,5255,2603,58771,3487,20155,3760,87628,106744,44277,4673,44385,8446,3563,13387,4699,13415,6010,18463,4274,3772,52230,42698,5653,131737,7184,958863
w/o  MS2:Cer-NDS,2,86890,160278,193904,221404,150298,95682,101203,120041,150685,101868,123046,201423,124378,283644,95354,99729,89110,116252,79936,248575,247565,123167,109219,49921,162161,185858,38482,51001,183382,118957,200452,124169,77285,101962,30032,175974,69588,53580,153855,35528,55900,413501,28913,104826,49217,241125,22524,156679,55724,1560269,39669,65960,150301,61737,59000,106589,75483,146567,57035,140282,77158,71157,103758,58791,102586,148598,136111,26153,83130,144456,82784,103276,95556,56687,76643,90529,74413,37685,144372,104556,221812,150651,151540,237486,92120,151710,164326,169897,181682,82755,100323,100797,45928,202633
w/o  MS2:Cer-NS,1,808126,307969,193367,329775,369886,874864,300607,303259,302447,326155,299455,681746,356725,408945,298874,577747,262934,326385,300324,337407,395545,259902,258142,176479,671788,1213686,247013,698141,938959,858134,1424310,956624,289767,203985,296386,274860,649615,593338,1176416,223231,414645,308135,362198,258659,600272,392667,155581,967809,210739,5161738,462651,186206,197759,543440,239677,172829,326064,261344,245817,560137,301905,1188663,314715,191381,675149,486348,182457,314808,236012,259918,957672,226381,642239,253123,950361,919808,1000155,289168,2791389,292080,266699,353675,289900,254945,189541,452652,202947,248874,832177,872774,250369,957437,269253,2300518
w/o  MS2:CerP,2,83209,111139,71182,107368,118647,246267,101679,72677,97322,100161,77317,141594,117813,99081,117120,100226,82906,101416,131460,103635,144033,87795,73053,68874,116139,284458,81082,157421,167176,268029,239264,250884,85266,82380,78315,86441,94059,97783,175038,107823,101242,128702,94980,89066,102646,94698,66127,229666,76235,346656,106192,68591,83514,96475,83828,70831,141013,109774,85212,98280,103387,256439,78045,60463,77712,100052,71183,68862,74825,90276,205533,81569,153299,58163,73938,117952,169353,88057,206505,89227,61104,70127,77925,91547,70119,86490,67732,74339,264105,166765,79721,112386,89636,692678
w/o  MS2:DAG,1,2022418,1469303,1014565,1489981,1593159,2793470,1313789,1060816,1116697,1297029,1287118,2145329,1659284,1493918,1457555,1840077,946322,1323564,2006084,1244750,1720335,1075362,775135,915583,2365916,3053908,857184,1882897,3651755,2210990,3689539,3006284,1195257,921977,1543693,1093552,3438040,1815334,2429761,1200055,1591724,1474258,1680182,1086382,2060229,1182562,686436,2515445,1344312,4117732,1626426,999860,951807,1745399,1125052,915891,1884712,1396101,1049542,1691916,1362233,2809243,1143420,701211,1856376,1798446,837982,1079211,878442,1164614,3074504,1048699,2617702,843699,2498026,2342844,3014133,1191802,3261891,1310359,908172,1271222,1290685,1266613,826935,1808056,868795,934171,3489246,2454377,997660,2359722,1325799,2185425
w/o  MS2:DGCC,2,2323534,785555,555598,570348,799833,6324591,493785,495855,705103,796854,633597,1478885,813118,785958,927164,902425,809460,668946,1085202,806871,847651,699187,476323,606794,679291,10986743,1416007,4587226,7621859,3714160,3638204,7954992,692937,737185,678959,785358,1988479,507918,1680568,574022,549890,761922,507672,961098,895821,706282,352872,5557177,381364,687157,469538,522199,340743,711332,754552,407570,852223,584350,435071,556594,722544,6023348,923527,655633,4625321,724647,610910,403885,302838,513331,3509658,675210,948834,184865,3937962,3733954,3094934,740907,2671786,505625,351430,557808,508530,663566,405392,846289,502033,722251,7133959,5941424,712715,3984869,602877,871600
w/o  MS2:DGDG,1,243646,94206,71934,130280,120425,310839,145348,67185,112751,146898,126091,115428,122128,129186,173722,101512,50391,142716,192200,99404,160007,98757,62388,150128,130913,337487,117157,144350,300913,204943,272422,305050,91154,154558,104380,132741,346981,106839,306124,70814,67989,52012,100670,142565,79750,91978,62917,313750,95817,70122,69545,64664,34301,159767,77349,100202,67727,133301,80372,98302,103417,320950,129875,87814,161068,124272,47929,61308,86980,73752,308693,15510,141977,4465,239053,272705,376637,66198,281264,88854,80454,142435,118232,50230,46058,84107,87094,109207,280524,257366,93912,319281,119354,168481
w/o  MS2:DGGA,2,288406,948430,92943,154184,785135,1552726,579566,232858,806128,666036,607415,1342860,431755,726099,956863,960290,391465,395488,1249570,922294,239016,622293,566132,1025843,850664,2952100,1068422,1130514,1936172,1001437,759756,2702739,359364,860267,384329,306194,280004,176716,460629,94209,232755,218835,172075,1096395,1374938,1162016,445066,2162057,135975,321569,47255,107278,51318,481611,220860,28647,221492,167424,104584,791936,635122,1541712,211094,181688,289530,804524,112740,386721,211603,170984,401292,229064,216125,19011,513502,2054964,2806968,140402,798985,161153,510848,861070,608503,695567,109324,320458,140517,641419,2662830,2761129,874347,3864728,220467,1541707
w/o  MS2:DGTS,1,1721554,1161451,760409,957612,990264,2784151,658941,601363,807292,1202015,991713,1542505,1179787,898422,1078609,982033,828699,901802,1459791,899218,1215005,713783,589670,862394,954308,5707981,919473,1260924,3192561,3156834,4085693,2394207,827468,799849,820594,787965,1479572,1021600,2484858,895273,790625,1286448,913193,571991,873463,729619,524067,1964386,706033,850781,843209,585354,725700,803584,904154,686256,1416329,1192663,920020,889397,979190,2979587,892743,674177,1045460,932449,871380,919550,569134,854534,2624271,799218,1441831,598604,2045805,2729116,2854750,971015,2374796,916737,643889,804218,683879,1056576,729801,871718,666390,669952,2902487,2493233,777786,2866482,1118823,3941964
w/o  MS2:HBMP,2,128,9035,4832,4047,16776,305,1168,631,5137,9414,15047,17908,12446,16789,10343,7008,2792,9416,5729,13140,23316,26010,716,2959,3316,124,7732,172,106,877,126,121,3260,3709,11545,34877,630,2758,39,2109,2562,9304,7589,8124,6297,10813,2777,158,6192,21776,2917,7653,8494,8756,13602,3916,44418,9030,9426,11708,11386,70,27177,15201,90,5494,14056,8726,1952,10854,25,39334,5065,252,85,29,45,69337,66,8779,3669,2831,8792,16623,5069,16700,3716,11615,89,777,8266,1783,20069,195
w/o  MS2:Hex2Cer,1,293024,41898,108905,95428,30807,89911,64875,17226,66985,71915,7174,69479,64603,33903,33202,71517,67204,27542,63274,45862,55177,68628,25189,31525,33700,205436,8197,26745,178600,130017,178377,96477,111719,31407,54765,70111,431549,28524,357219,88731,94158,153603,138162,71081,33475,28005,21954,107588,81115,88174,82754,98511,80953,41529,132502,83555,121774,89274,89163,84771,35494,130304,129052,62856,189017,50123,103380,67824,28194,91465,316088,104948,88912,17977,209481,306532,270388,138597,209097,82316,57974,136142,93524,147436,80837,113867,98402,38633,286266,291844,58828,459768,141795,303497
w/o  MS2:HexCer-EOS,2,8215,29654,27402,47341,40727,19156,81403,42697,95645,65982,75491,71232,77557,59789,97327,45188,52723,45262,94019,54450,82062,36268,42292,70450,66781,105618,37133,7603,76056,4658,17572,6896,69384,96650,56905,28868,42845,35662,20138,58520,48334,58485,59093,66416,24892,45927,24748,2488,67880,27753,30136,26737,41606,59134,40109,59533,40258,66088,60076,52414,53844,31986,50536,37049,4680,60268,28079,64959,34434,59970,5079,37367,87744,15814,8149,674,11637,49833,50795,46108,53445,53163,69400,56080,40846,32103,46954,44853,39399,22443,35457,33078,77910,14652
w/o  MS2:HexCer-NDS,1,47264,33062,21131,32163,28526,66477,7072,16268,21606,20972,29059,53633,16211,55240,15631,36443,16990,22781,15857,30155,25592,26176,12275,11300,29837,34582,28403,59419,26880,31947,64216,38987,36836,12673,29773,18409,66465,20499,44428,26655,17108,24178,15472,21638,29628,24051,15310,73171,11218,14077,22054,12669,12392,24326,30777,11945,34385,16676,9368,24699,17590,49386,21474,12639,35237,17814,14920,19972,13688,46260,43305,14475,14923,5584,42616,25525,42868,35138,81491,13153,20039,23779,16466,26448,20705,28924,19897,22570,35590,50307,22278,68720,18162,15233
w/o  MS2:HexCer-NS,2,8700810,1685632,1374303,2634448,1124298,7246980,1498656,508482,1409216,1219928,1596867,924814,448667,338341,2191076,2487573,1033384,290620,1007551,1905855,819576,2652765,933127,1723660,326093,8372308,408933,1070460,5272728,9920295,11872428,9503335,1751724,1551397,2300287,3930381,10072409,2131997,10461962,942275,1284986,3049538,1502745,2288782,393876,1644029,570432,4167838,1383428,2373799,1317726,2834004,1320975,1516542,3462662,1537301,3673165,1266151,1503047,1323552,2059358,5575287,3685641,2556840,4040492,1574255,1965249,1307702,1072430,1739817,11299335,3636854,2161060,357523,13625621,13128664,8701383,3343141,7325975,1669971,925746,1655361,1244760,2280715,1706243,3027975,930024,841571,5042196,8075708,2170711,13422402,2564802,3230462
w/o  MS2:LDGCC,1,72256,30005,20228,44761,52003,167857,33198,35490,30598,54119,41450,64393,14687,46598,33194,45737,27402,30898,53245,43832,66201,38858,32595,34264,58411,128025,32906,126206,221974,147193,301893,168595,34276,31615,43297,47451,69944,37171,151382,48005,28658,42286,14146,40721,51729,43704,16874,192161,27044,16593,22434,36327,13200,34024,49708,25651,30024,18893,26930,36229,22226,128972,48379,35199,55104,18959,19840,26049,22429,24473,118509,25287,17332,21296,131159,170645,91513,23855,123689,35489,21647,44832,16833,44123,22597,20000,29376,33685,158581,143019,29782,118135,36453,53467
w/o  MS2:LDGTS,2,61350,215634,112172,172686,147564,38529,156439,124555,101974,136322,147931,208440,151131,154920,179113,173400,75948,200724,200732,128964,206773,110186,134553,127873,215227,119737,121352,42991,61828,48067,79740,87378,111939,130094,135342,111691,70405,178725,56527,172947,169193,132705,149549,123878,180687,116097,96660,91485,132896,132238,171485,68545,99250,144151,124828,146672,199515,177045,123786,127770,183503,74043,119314,69412,73701,226365,122600,127060,95935,124609,65719,103463,205553,182060,73761,63970,50515,100952,66483,170800,75403,137565,94969,138240,110180,163142,109728,102185,66476,41407,111272,77846,154222,107175
w/o  MS2:LPC,1,400430,167455,78442,150099,134429,494470,132678,100380,122505,103651,119076,248971,175865,136972,175616,139899,76679,128412,223072,113629,202381,108152,87631,118946,167500,545558,90275,319906,462344,416037,413526,353158,117793,128521,136590,112116,476253,136587,394891,90225,92360,127239,116237,97845,136894,103101,75749,365326,101347,179824,106643,60454,51252,121215,98683,75882,202433,165120,125857,134284,148467,423489,103604,79525,249742,173103,84960,112107,84681,137303,366319,110407,154782,99715,281445,303550,340068,102595,342778,117404,88074,100189,92445,139497,99260,128648,82886,111649,348868,266235,112562,390506,129122,818793
w/o  MS2:LPE,2,7894597,931060,1234725,1702227,425832,5565845,312968,526944,571380,791189,379138,1394103,520499,907224,1185334,887728,511549,401751,500207,382490,848324,569321,567385,739071,1020655,7897310,934190,3813863,5844140,6748332,6630038,1541007,752938,797465,434561,1209561,1972025,569008,6130339,1160510,947140,1357959,1010795,354784,1143447,895895,403689,4751503,978340,1114426,992625,860010,1026202,543999,1457280,940851,1946368,1337512,1173692,1188859,735318,3979932,1413748,805245,5221577,646792,1256142,794206,695901,1006609,6442791,1270133,1091366,341617,5953973,5038594,5136434,1103421,6554177,814867,601143,620294,1061748,1282489,1102856,1217929,681468,369217,5968291,6390984,1257748,6377052,1255669,626400
w/o  MS2:MAG,1,29698,148557,90472,111096,149190,30130,132725,82333,114850,111866,34345,107883,145933,85168,137133,111304,43775,72434,218267,90227,79142,55832,72737,79193,225225,51986,27439,19183,22696,13518,48836,92509,79862,38621,126537,91034,30457,179834,21326,118928,156502,83571,164822,56981,209852,116812,73557,36716,121422,105511,179222,95720,83184,111628,64279,58148,198335,151037,99872,114971,141920,40226,97742,55279,56546,186292,64416,92908,98600,66741,24738,104285,190269,121481,77891,31733,15247,107798,37990,141883,71234,142992,60416,124494,88042,174069,70064,56385,21076,19301,63331,38274,81120,53423
w/o  MS2:MGDG,2,1727791,2043143,559665,1707564,2029577,2290977,2060875,1169645,1549157,783432,1522457,2655511,798658,1771326,616350,1577549,1341951,1532895,2577626,1846072,887182,475980,1353144,1201747,871477,2791578,1668889,1554764,2463691,1933947,1382382,1845466,2202398,466461,1548297,1641288,2120504,1274923,2228723,1670005,1348871,775757,529437,1686942,645828,761074,938990,1841954,595976,1848566,532673,696535,1609683,1470018,1675583,379429,2444817,1695706,1129393,1680315,684649,1660554,1709051,1361540,1666500,1662965,1625381,759687,1353520,723952,2038954,1238756,1791923,623218,1988813,2044945,2359333,1882609,1624282,730451,1182486,457142,2182690,1410667,390005,736687,472215,1542128,2651484,1882661,1727900,2278104,2382180,996282
w/o  MS2:PC,1,30507,45389,9865,41892,32383,39885,51488,54839,22013,50385,79534,66602,54656,54141,65229,63186,42261,57735,24794,50881,57600,41075,79254,50144,58414,20607,65374,20298,30063,21092,27505,18205,27021,52387,34641,29380,37517,13125,46502,20420,10684,11755,12627,43311,47585,28020,34359,35683,7249,329393,4955,4973,7045,46560,10769,11725,26653,12700,6681,26503,42029,61594,12621,10101,17869,34439,10565,8585,6525,6822,28360,19966,393655,5215,28992,18802,46118,13696,25821,11201,32045,44351,10691,20259,9556,14309,8025,51198,22035,15939,48526,28145,10880,1560801
w/o  MS2:PE,2,1304697,1289491,720932,1589134,1618636,2669651,1276049,964813,1278695,1604843,1316967,1889791,1624985,1376042,1590408,1272775,1121337,1200836,1855893,1119683,1500766,981335,987448,1183475,1342343,2825561,1208137,1785093,2756892,2691409,2899658,2526966,1351160,1112041,1160577,1126049,1489742,1001393,2262194,801754,757008,1168801,751484,1203983,1307968,1017481,787842,2232357,1067572,598726,635697,462627,524522,1263712,813011,593211,1178027,962816,810170,1062562,1278365,2473910,713783,916616,1184833,1282322,627231,708203,940578,817999,1900722,570377,724812,571044,1653783,1767145,2415429,738098,1875846,968245,937781,1085159,757194,787528,602086,698025,535846,1082890,2204887,2210502,1217995,2505167,1452570,2320636
w/o  MS2:PG,1,860945,1000921,676402,1037967,1106614,1467814,524028,502869,628877,973267,801167,1095355,1121551,853639,643499,1125598,544017,928008,959422,846950,731947,477415,640730,665811,816863,1805923,637022,608559,1577300,978085,1890985,1428349,997582,780984,530310,674840,1262812,1130105,882907,729468,580210,1003564,452782,527714,1049869,445070,320618,1302550,735440,423505,770853,184898,503139,497532,554447,348754,1213927,832450,538965,515387,485228,1200695,682564,363708,880518,903691,581737,569400,553547,762743,872990,432451,682040,472809,1057262,903559,1209129,762433,812267,1111797,694751,652327,350604,600885,471346,707103,408422,598514,1422446,1022675,836103,1537730,799883,815439
w/o  MS2:Phytosphingosine,2,11366,830,142,343,213,16089,643,681,679,897,1157,908,638,1262,1332,391,663,1395,932,355,1027,720,947,860,389,167611,519,1717,126361,25842,16361,7586,1029,1043,385,288,51177,826,31112,889,116,481,665,514,1283,851,483,2566,232,277,347,33,137,716,559,509,994,331,1006,474,928,17163,487,281,19526,886,340,248,419,380,7939,131,138,191,9680,7949,5133,323,27211,70,773,353,417,224,231,351,753,780,93904,14062,326,8442,814,3072
w/o  MS2:PI,1,111509,380682,260429,341796,477355,376927,392723,358812,442630,604784,395003,626280,622746,432646,481167,479415,355540,489617,572179,414315,580008,234872,237600,487987,469058,480493,359395,196100,411212,276138,369684,318378,429842,538432,333027,309236,159746,362353,345312,334695,279476,374574,341587,490192,381015,438734,226259,351822,331038,411302,294975,160176,138771,345474,275540,247969,355421,447085,362295,417331,395879,329561,451712,161343,135857,315260,363140,280059,259617,345484,338298,247002,330325,170795,276570,146979,317372,222878,287363,338970,325329,461336,338386,408143,196127,270341,302338,363046,421948,348334,284523,476759,388925,292495
w/o  MS2:PI-Cer,2,123687,266419,203961,255427,335980,90583,188562,239992,252371,371081,276609,196450,283998,256514,204783,190384,311491,300683,164234,141705,389283,249030,260748,326113,360022,127111,270899,78245,111145,48968,118848,151723,253049,243696,260275,292839,151862,274581,161204,320981,241410,315751,183773,229301,251824,212885,107956,97521,309438,252011,286365,65497,109156,166843,279590,287614,378790,219916,267455,293564,202449,96220,301096,201727,137884,193199,303880,217185,262527,241352,140865,238738,366723,98372,206834,168212,119812,250823,106839,310139,202443,201431,241457,255455,215506,172988,237102,199458,75103,62667,205107,152460,266922,650266
w/o  MS2:PS,1,769439,1741685,2321181,1761755,1163318,1150794,647391,1279956,729070,2702318,1233320,3092185,1797302,972240,1033250,1292733,1233289,2312936,1035089,794658,2157213,540407,748485,1182367,1589827,954371,923158,374374,663481,539975,899024,960270,740570,901634,827848,1023623,686789,1974270,700890,1953906,1261589,1804395,1037714,1554450,1156613,1354996,890375,918960,1267744,1201991,1368160,639686,838620,816988,1035843,1126919,1514373,1611375,1431303,1039014,1166280,651209,3366455,703608,1271281,2100667,2029018,1271000,836812,1492268,923973,802389,1404259,1219509,762698,678138,873313,902086,776690,1823915,936136,818137,964353,1589644,952707,969804,997254,902576,951052,721172,969503,972085,1389246,682074
w/o  MS2:SHexCer,2,1908605,2869646,2675721,2608967,1525964,2588445,2261261,1637069,2927531,3576453,2717596,3178732,6076444,2778001,3047409,3793791,672430,1893451,5803494,128107,5587154,1867593,716630,3194934,3215205,4465095,1081928,713537,2645129,2589093,2021625,2912859,5569382,3343521,3747041,3337082,3179369,1615700,1399608,2973003,2625303,4134809,5511088,3988698,4724814,4544135,1362936,2843905,3467384,2541584,2752752,1920067,725312,2120939,2370482,2749630,2506858,3716167,1297637,3176058,2256505,1931976,1446373,1443763,1979324,1710029,2150127,1641934,1282992,5281555,1899291,1651970,4374476,283362,1294755,3139146,2352555,2064526,1512029,2761228,3067737,1080365,2397947,3853690,2042140,4424204,5153666,4608001,2726890,1994981,4283509,3258646,7499920,272505
w/o  MS2:SM,1,6496381,3103851,2684774,3455801,3270448,12111822,3699450,2540038,3376483,4861738,4065756,4707536,4271670,4887544,5904654,2847903,1900553,2759902,5196631,2370317,3569782,2136391,2182401,3260158,4389716,27335077,2181966,6073010,16780059,14218875,24350920,17070307,3184312,3675263,3470972,2631529,8580229,2605071,8216668,2780319,2303753,3914804,2757341,3727945,2797798,2744480,1454681,11770821,3096533,3366740,2060324,2076147,1912299,2973592,2603244,2426963,3255819,3784946,3023742,3336740,3379660,14402720,3600761,2486250,4814401,3272939,2184538,3253445,2004639,3093796,11447609,2318066,5514001,1514181,5809317,11715549,14641909,2347925,12931675,2879936,3211588,2848357,4041847,2632455,2075902,2665275,2956628,2728662,17298837,13786068,2952220,15216357,5403611,6319163
w/o  MS2:Sphinganine,2,16204,349,535,297,332,22622,566,831,224,436,1755,417,612,325,883,358,192,1126,123,150,2393,519,251,1029,662,73341,1346,10614,44802,23038,25346,30830,556,334,235,1098,31062,1608,24404,1436,241,378,797,345,241,184,276,9728,209,956,861,317,382,458,265,662,2077,844,1136,209,962,20447,473,309,27309,1349,521,578,53,201,22595,450,1026,347,28407,26115,19606,864,29286,343,545,1048,288,189,818,171,282,1579,73666,29872,1226,17072,752,7054
w/o  MS2:Sphingosine,1,260929,138770,17803,198466,190690,313698,133019,116266,157390,148796,133065,164689,25379,159945,126425,136705,107887,138097,180228,151088,129011,137783,89860,134694,136586,718064,119734,186149,533474,237046,299659,242575,121083,124394,119127,146838,20467,110066,297257,114614,114088,183633,99013,142236,141035,142775,70112,158825,104218,184774,14699,99420,104294,103715,153980,135587,143329,134386,101709,123652,115134,301940,141829,124740,182488,112589,155776,118391,88185,146420,187830,140638,124750,63152,250857,326199,199359,131342,311239,105722,124375,113268,135370,151393,127323,125843,110579,99574,437433,287136,119161,308995,135963,12692
w/o  MS2:SQDG,2,385484,232574,247234,289664,247917,147496,196179,130641,230328,287229,303192,382536,393225,213059,306760,289606,222383,242714,378931,299627,166679,281112,140729,240469,211375,196022,291480,100477,234528,178472,116041,126892,253399,199733,253045,360966,370666,196430,342674,250328,287719,376112,240305,261994,220325,212215,136848,135617,191442,206125,220948,239512,215180,206890,333043,219055,378660,301115,256104,287508,197673,125597,370354,287978,218841,234495,345155,238792,200295,314890,458946,297324,308554,74593,267675,383716,319137,339939,278515,239606,185492,281467,296654,281029,234058,328314,221434,198172,118104,318433,251399,288518,277015,1881886
w/o  MS2:TAG,1,40642940,12711789,3768647,12445198,15177081,33017339,5790771,7863217,9838638,12344217,10812163,19303520,15886433,12205080,15106397,12177635,6691103,6866085,21015349,5846000,14115790,9589185,9160317,11696480,15515542,39273874,6959658,24152091,37139559,46588485,48390893,36574723,6163160,15041945,14415173,13565750,33748308,10640898,45994302,6496719,3606517,7334091,9718552,10079982,15995173,14989564,6456527,35404273,7448936,13112425,4369579,2630909,1851180,7882248,5252841,3412805,12391586,10066298,7840740,10475857,12557986,28773187,8692380,8677951,27892390,8318465,3767047,5353509,5746377,5884162,50058018,5333480,5898104,917473,38854226,35564700,41299569,4770753,41992334,12027751,7637412,9700167,10438880,6300123,3993910,11831701,10506636,11340874,36243825,50024669,14383370,51135920,16448961,11981099